페이지,학과/구분,학년,이수구분,교과번호,교과목명,분반,학점,강의,실습,담당교수,수업시간,강의실,비고
53,영어영문학과,1,,022002,기초영어회화 ***영문학개론 스크린영어 시사영어 영어학개론,""" ! #$ 01 02",3 3 3 3 3 3,,,D 백승봉,"수11:30-13:00, 금11:30-13:00 목1 :00-1 :30 월13:30-1 :00, 수1 :30-17:00 수13:30-1 :00 금13:30-1 :00 목1 :30-17:00",인202 - 영어회화실-1 인301 - 영문A/V강의실 인201 - 스마트강의실 인212 - 영문A/V강의실 인213 - 영문A/V강의실,"영문과1학년우선 신청,정정기간제 영문과1학년(홀수 ).자율전공학부만 한해제 영문과 1학년만 신청 가능 가능 영문과2- 학년만 가능,셋째날10시 부터전체"
53,영어영문학과,2,,022603,영미아동문학 AI와영어교육 영미시의이해 실용영문법,,3 3 3 3,,,,목10:00-11:30 금10:00-11:30 목12:00-13:30,인301 - 영문A/V강의실 인212 - 영문A/V강의실 인212 - 영문A/V강의실 인301 - 영문A/V강의실,
53,영어영문학과,3,※ )음영처리 )교과목은 )마이크로전공 )교과목임,022071,미국명작특강 셰익스피어 영소설특강 캡스톤디자인(영어프레젠 테이션) 영어구문분석 현대영미시 미국캐릭터산업의이해,,3 3 3 3 3 3 3,,,Mark Burman,"수12:00-13:30 화13:30-1 :00 목1 :30-17:00 화11:30-13:00, 목11:30-13:00 수1 :00-1 :30 목10:00-11:30 화10:00-11:30",인213 - 영문A/V강의실 인301 - 영문A/V강의실 e-learning(온라인)2 인202-1 - 영어회화실-2 인301 - 영문A/V강의실 인212 - 영문A/V강의실 인213 - 영문A/V강의실,[원격수업]영문과 만신청가능
55,문예콘텐츠창작학과,1 2,,062023,***창의적문예콘텐츠의세 계(입문) 문화콘텐츠로읽는한국문 학 스토리텔링의기초 시쓰기와감성개발 소설쓰기의이해와기초 근대문제작가와서사전략 신화와문화적상상력 광고언어연구,""" ! #$",3 3 3 3 3 3 3 3,,,,목1 :30-17:00 목13:30-1 :00 목10:00-11:30 목10:00-11:30 수10:00-11:30 목13:30-1 :00,인313 - 문창A/V강의실 인313 - 문창A/V강의실 인313 - 문창A/V강의실 인313 - 문창A/V강의실 인310 - 문창A/V강의실 인310 - 문창A/V강의실 인310 - 문창A/V강의실 인310 - 문창A/V강의실,"문창1학년,자율전 공만 문창 1학년 우선 신청/정정기간 신청/정정기간 문창 1학년 우선 신청/정정기간 전체 전체 전체"
55,문예콘텐츠창작학과,1 2,,062039,소설창작세미나,,3,,,,,인310 - 문창A/V강의실,
55,문예콘텐츠창작학과,3,전선 ※ )음영처리 )교과목은 )마이크로전공 )교과목임,062602,시나리오창작연습심화 희곡창작연습 문학과상호텍스트성 웹과모바일콘텐츠의실제 아동문예창작연습 캡스톤디자인(포트폴리오 제작Ⅰ),,3 3 3 3 3 3,,,장혜련,목11:30-13:00 수10:00-11:30 목11:30-13:30,인313 - 문창A/V강의실 인313 - 문창A/V강의실 인302 - 문화콘텐츠A/V강의실 정보 202 정보실습실B 인313 - 문창A/V강의실 인310 - 문창A/V강의실,4학년만 신청 가능
59,시각디자인학과,1,,812210,***디자인론 컴퓨터그래픽Ⅰ 조형I 관찰과표현기법,""" ! #$",2 3 2 2,,0,시각강사1 박상희 시각강사,목13:30-16:30,예310 - 시각실습실 3 예1131- 시각컴퓨터실 1 예10 1-시각실습실2 예10 1-시각실습실2,시각디자인학과 우선 신청/3일차 시각디자인학과 우선 신청/3일차 제한 해제 시각디자인학과 우선 신청/3일차 시각디자인학과 우선 신청/3일차
59,시각디자인학과,1,,812606,디지털일러스트레이션,01 02,2 2,,,시각강사3 김현,,예312 - 시각실습실 예310 - 시각실습실 3,제한 해제 시각디자인학과 우선 신청/3일차 제한 해제 중국인 유학생 전용 분반/내국인 제한 해제
59,시각디자인학과,2,,812607,비주얼인포메이션디자인,01 02,2 2,,,윤여경,수13:30-16:30 월13:30-16:30,예312 - 시각실습실 예10 - 시각실습실1,시각디자인학과 우선 신청/3일차 제한 해제 중국인 유학생 전용 분반/내국인
59,시각디자인학과,2,,812608,AI프롬프트디자인Ⅰ,,2,,,시각강사,목09:30-12:30,예10 1-시각실습실2,수강 금지 시각디자인학과 우선 신청/3일차 제한 해제
59,시각디자인학과,2,,812603,디자인교과교육론,,3,,,,,예312 - 시각실습실,시각디자인학과 우선 신청/3일차 수강 금지
59,시각디자인학과,3,,812613,지역기반프로모션디자인 Ⅰ 웹인터페이스디자인Ⅰ 타이포그래피디자인Ⅰ 커뮤니케이션디자인I,,3 3 3 2,,,시각강사2 윤여경 시각강사1 이혜준,,예10 - 시각실습실1 예312 - 시각실습실 예1131- 시각컴퓨터실 1 예310 - 시각실습실 3,시각디자인학과 우선 신청/3일차 제한 해제 시각디자인학과 우선 신청/3일차 제한 해제 시각디자인학과 우선 신청/3일차 제한 해제 시각디자인학과 우선 신청/3일차 제한 해제
59,시각디자인학과,3,전선 ※ )음영처리 )교과목은 )마이크로전공 )교과목임,812213,에디토리얼디자인Ⅰ 시각디자인Ⅰ 취창업세미나(시각디자인) 디자인교과교재연구및지 도법 패키지디자인I,01 02 01 02 03 01,3 3 3 3 3 3 3 3,,,시각강사1 시각강사3 시각강사 이혜준 시각강사2,화09:30-13:30 화13:30-17:30,예1131- 시각컴퓨터실 1 예312 - 시각실습실 예10 1-시각실습실2 예310 - 시각실습실 3 예10 - 시각실습실1 예312 - 시각실습실 예310 - 시각실습실 3,시각디자인학과 우선 신청/3일차 제한 해제 중국인 유학생 전용 분반/내국인 제한 해제 시각디자인학과 제한 해제 우선 신청/3일차 수강 금지 중국인 유학생 전용 분반/내국인 시각디자인학과 제한 해제 우선 신청/3일차 시각디자인학과 우선 신청/3일차 수강 금지 시각디자인학과 우선 신청/3일차 제한 해제 제한 해제
67,실용음악학과,,,860006,방송댄스1,01 02,2 2,,,김지영,화12:30-1 :30 화1 :30-16:30,음106 - K-POP Hall,실용음악학과 1학년 학생 우선
67,실용음악학과,1 2,,860019,"퍼포먼스워크샵1 세션앙상블1 발성과딕션1 ***화성과실용음악이론기 초 전공실기심화(보컬,송라이 팅,미디작곡)1","01 02 "" ! #$ 01 02 03 0 0 06 07 08 09 10 11 12 13 1 1",2 2 2 2 3 1 1 1 1 1 1 1 1 1 1 1 1 1 1 1,,2,권상희 박봄 권상희 박민주 김여진 이길상,수11:30-12:30 수11:30-12:30 월11:30-12:30 목10:30-11:30,음대101 - Concert Hall 음대101 - Concert Hall 음31 - 음악감상실 음108 - 시청각실 음108 - 시청각실 음207 - 레슨실 음202-1 - 레슨실 음31 -1 - 레슨실 음202-1 - 레슨실 음203 - 레슨실 음202-1 - 레슨실 음203 - 레슨실,실용음악학과 1학년 학생 우선 수강신청 실용음악학과 1학년 학생 우선 수강신청 실용음악학과 1학년 학생 우선 실용음악학과 수강신청 1학년 학생 우선 수강신청 수강신청 실용음악학과 2학년 학생만 수강가능
68,실용음악학과,2,전필,860003,"전공실기심화(보컬,송라이 팅,미디작곡)1 실용음악화성학1",16 17 18 19 20 21 22 23 2,1 1 1 1 1 1 1 1 1 2,,0,김찬오 실용강사3,금11:30-12:30 월09:30-10:30,음312 - 레슨실 음202-1 - 레슨실 음31 -1 - 레슨실 음108 - 시청각실,실용음악학과 2학년 학생만 수강가능
68,실용음악학과,2,전필,860016,컴퓨터음악응용1,,2,,,,,음102 - D.A.W Lab,실용음악학과 2학년 학생 우선
68,실용음악학과,2,전선,860032,퍼포먼스워크샵3 세션앙상블3,01 02,2 2 2,,,권상희,,음대101 - Concert Hall 음대101 - Concert Hall 음31 - 음악감상실,실용음악학과 2학년 학생 우선 실용음악학과 수강신청 2학년 학생 우선
68,실용음악학과,3,※ )음영처리 )교과목은 )마이크로전공 )교과목임,862601,"앙상블Ⅰ 생성형AI송라이팅1 전공실기심화(보컬,송라이 팅,미디작곡)3",01 02 03 0 0 06 07,2 2 1 1 1 1 1 1 1,,,이길상 주형우 박봄,화1 :30-16:30 목10:30-11:30,음106 - K-POP Hall 음102 - D.A.W Lab 음202-1 - 레슨실 음312 - 레슨실,수강신청 실용음악학과 2학년 학생 우선 실용음악학과 수강신청 2학년 학생 우선 수강신청 수강신청 3학년 학생만 수강가능
69,실용음악학과,3,전필 전선 전선 ※ )음영처리 )교과목은 )마이크로전공 )교과목임,860030,"전공실기심화(보컬,송라이 팅,미디작곡)3 스튜디오프로듀싱1 대중음악사1 관현악편곡법Ⅰ 앙상블Ⅲ 퍼포먼스워크샵 미디어콘텐츠제작기초 스튜디오프로듀싱응용1 전공실기심화(보컬,송라이 팅,미디작곡)",08 09 10 11 12 13 1 1 16 17 01 02 03 0 0 06,1 1 1 1 1 1 1 1 1 1 2 2 1 2 2 3 2 1 1 1 1 1 1,,0,실용강사 유영하 이길상 권상희 마준호 유영하 김여진 주형우,월09:30-10:30 월12:30-13:30 화13:30-1 :30,음312 - 레슨실 음202-1 - 레슨실 음31 -2 - 레슨실 음102 - D.A.W Lab 음108 - 시청각실 음102 - D.A.W Lab 음106 - K-POP Hall 음대101 - Concert Hall 음101 - 스튜디오실 음102 - D.A.W Lab 음202-1 - 레슨실 음203 - 레슨실,실용음악학과 3학년 학생만 수강가능 실용음악학과 3학년 학생 우선 실용음악학과 3학년 학생 우선 수강신청 실용음악학과 3학년 학생 우선 실용음악학과 3학년 학생 우선 수강신청 실용음악학과 3학년 학생 우선 수강신청 실용음악학과 4학년 학생 우선 수강신청 수강신청 수강신청 4학년 학생만 수강가능
71,한국어문학과,2 3,,012118,한국문화교육론(3영역) 현대시의이론과실제 한국어문법교육론(3영역) 외국어로서의한국어교육 실습( 영역) 한국어평가론(3영역),01,3 3 3 3 3,,,,목11:00-12:30 목09:30-11:00,인31 - 국문A/V강의실 인306 - 국문A/V강의실 인31 - 국문A/V강의실 인306 - 국문A/V강의실 인31 - 국문A/V강의실,조기취업자 수강금지
73,글로벌경제학과,1,,112090,경제학원론 ***경제학입문,01 02,3 3 3,,,조윤기,"화1 :00-1 :30, 수11:30-13:00 목1 :00-1 :30 목1 :30-17:00",사 11 - 경제A/V강의실 사310 -글로벌경제학과 A/V강의실 사310 -글로벌경제학과 A/V강의실,글로벌경제학과 1학년만 수강 경제1학년수강금 지/경제학입문동 경제학과수강금 지/경제학원론동 가능
73,글로벌경제학과,1,전필,112093,개인재무설계 미시경제학 거시경제학,""" ! #$",3 3,,,,수10:00-11:30,사 0 - 사회과학관멀티미디어 사 11 - 경제A/V강의실 사 11 - 경제A/V강의실,"시수강금지 [원격수업]첫째,둘 째경제1학년/셋 시수강금지"
73,글로벌경제학과,2 3,전선 전선 ※ )음영처리 )교과목은 )마이크로전공 )교과목임,112168,기업회계 글로벌경제의이해 화폐금융 산업경제 국제경제 캡스톤디자인(글로벌경제 현상분석) 전략적사고,01 02,3 3 3 3 3 3 3 3 3,,,권선희 권선희,"화11:30-13:00, 수11:30-13:00 목11:30-13:00 목10:00-11:30 수10:00-11:30",실 사311 - e-강의실 사311 - e-강의실 사 0 - 사회과학관멀티미디어 사 11 - 경제A/V강의실 사310 -글로벌경제학과 A/V강의실 실 사310 -글로벌경제학과 A/V강의실 사302 - 디지털정보처리실 사310 -글로벌경제학과 A/V강의실,째날전체 금지 [원격수업] 글로벌경제학과 생수 강금 지
74,경영학과,1,전필 전선,121083,경영통계학 ***경영학원론,"01 02 "" ! #$",3 3 3,,,,목11:30-13:00 목1 :00-1 :30,사 01 - 경영A/V강의실 사206- e-강의실,경영학과 1학년만 수강신청 가능 수강신청 가능 수강신청 가능
74,경영학과,1,전필 전선,122097,재무회계,01 02,3 3,,,장석진,"화10:00-11:30, 목10:00-11:30 목11:30-13:00 화1 :00-1 :30,",사202 - e-강의실,첫째날 경영2학년/둘째
74,경영학과,1,전필 전선,122099,마케팅관리,01 02 03,3 3 3,,,경영강사2,목1 :00-1 :30 목1 :30-17:00 화11:30-13:00,사202 - e-강의실 사312 - 경영학과 A/V강의실,첫째날 경영2학년/둘째 날 경영/셋째날 타학과만 수강신청 가능
74,경영학과,2,전필 전선,122100,조직행동론,01 02,3 3,,,김정식,"월1 :00-1 :30, 수1 :00-1 :30",사206- e-강의실 e-learning(온라인)2,첫째날 경영2학년/둘째 날경 영 전체 [원격수업]경영학 과 수강신청 금지
74,경영학과,3,전필 전선,122126,계량의사결정론 e-비즈니스 증권투자론 원가.관리회계 서비스운영관리 공급사슬관리,01 02 03 01 02 03 01 02 01 02,3 3 3 3 3 3 3 3 3 3 3 3,,,류성열 경영강사1 장석진,"수10:00-11:30 월11:30-13:00, 수11:30-13:00 화11:30-13:00, 목11:30-13:00 수1 :30-17:00 월11:30-13:00, 수11:30-13:00 화1 :00-1 :30 목1 :00-1 :30",사 01 - 경영A/V강의실 사206- e-강의실 e-learning(온라인)1 사206- e-강의실/사312 - 경영학과 A/V강의실 사20 - e-강의실 사312 - 경영학과 A/V강의실 사201 - e-강의실 e-learning(온라인)1 사313 - e-강의실 사 01 - 경영A/V강의실 사 01 - 경영A/V강의실,첫째날 경영2학년/둘째 날 경영/셋째날 첫째날 경영2학년/둘째 날 경영/셋째날 전체 [원격수업] 경영학과 날 경영/셋째날 첫째날 전체 경영3학년/둘째 수강신청 금지 타학과만 수강신청 가능 전체 첫째날 경영3학년/둘째 날경 영전 체 [원격수업] 경영학과 첫째날 경영3학년/둘째 날 경영/셋째날 타학과만 수강신청 가능 수강신청 금지 첫째날 경영3학년/둘째 날경 영전 체 전체
75,경영학과,,전선 ※ )음영처리 )교과목은 )마이크로전공 )교과목임,122111,소비자행동론 경영분석 경영전략론 취창업세미나(경영) 비즈니스애널리틱스,01 02 01 02 01 02,3 3 3 3 3 3 3 3,,,김정식,"수11:30-13:00 화1 :00-1 :30 목1 :00-1 :30 월1 :30-17:00, 목1 :30-17:00 목11:30-13:00",사 01 - 경영A/V강의실/사208 - 사312 - 경영학과 A/V강의실 사208 - e-강의실/사312 - 경영학과 A/V강의실 e-강의실 사312 - 경영학과 A/V강의실 사 01 - 경영A/V강의실 e-learning(온라인)2 사206- e-강의실 사302 - 디지털정보처리실,첫째날 경영 학년/둘째 타학과만 수강신청 가능 첫째날 경영 학년/둘째 날경 영전 체 타학과만 수강신청 가능 첫째날 경영 학년/둘째 날경 영전 체 [원격수업] 경영학과 첫째날 경영 학년/둘째 날 경영/셋째날 첫째날 경영 학년/둘째 수강신청 금지 날 경영/셋째날 전체 날 경영/셋째날 전체 전체
76,국제통상학과,1,전필,132082,비즈니스영어 ***국제통상학의이해 국제통상실무I,"01 02 "" ! #$ 01 02",3 3 3 3 3,,,맹철규 손상기,"화10:00-11:30, 수10:00-11:30 수11:30-13:00 화11:30-13:00, 수11:30-13:00",사311 - e-강의실 e-learning(온라인)1 사202 - e-강의실 사306 - 국제통상 A/V강의실 e-learning(온라인)1,"첫째날,둘째날 국통 [원격수업]국제통 상학과 수강신청 국제통상학과 1학년만 수강신청 1학년/셋째날 금지 국제통상학과 2학년만 수강신청 가능 전체 [원격수업]국제통 상학과 수강신청"
76,국제통상학과,2,전선,132031,국제금융론 무역관련기본법규 글로벌e-Business 대금결제론,01 02 01,3 3 3 3 3,,,고재길,"월10:00-11:30, 화10:00-11:30 화13:30-1 :00 목11:30-13:00",사307 - 국제통상 A/V강의실 e-learning(온라인)1 사308 - 국제통상A/V강의실 사308 - 국제통상A/V강의실 사306 - 국제통상 A/V강의실,"첫째날,둘째날 국통/셋째날 전체 가능 [원격수업]국제통 상학과 수강신청 금지 첫째날,둘째날 국통/셋째날 전체 첫째날,둘째날 국통/셋째날 전체 금지 첫째날,둘째날 국통3, 학년만/셋"
76,국제통상학과,2,전선,132033,국제운송론,,3,,,,목1 :00-1 :30,사308 - 국제통상A/V강의실,"첫째날,둘째날 국통/셋째날 전체"
76,국제통상학과,3,전선 ※ )음영처리 )교과목은 )마이크로전공 )교과목임,132601,"디지털무역론 무역과통상정책 신용장클레임사례 동북아통상론 국제경영전략 취창업세미나(국통) 국제유통세미나 캡스톤디자인(무역,e-Busi ness)",01 02,3 3 3 3 3 3 3 3 3,,,손상기 정필성 고재길,"수1 :00-1 :30 목10:00-11:30 화10:00-11:30 화11:30-13:00 수10:00-11:30, 목10:00-11:30 목11:30-13:00",사306 - 국제통상 A/V강의실 사307 - 국제통상 A/V강의실 사306 - 국제통상 A/V강의실 사307 - 국제통상 A/V강의실 사306 - 국제통상 A/V강의실 e-learning(온라인)1 사307 - 국제통상 A/V강의실 사308 - 국제통상A/V강의실 사307 - 국제통상 A/V강의실,"첫째날,둘째날 국통/셋째날 전체 째날 전체 첫째날,둘째날 국통/셋째날 전체 국제통상학과 3, 학년만 첫째날,둘째날 국통/셋째날 전체 국제통상학과 4학년만 수강신청 수강신청 가능 [원격수업]국제통 상학과 수강신청 국제통상학과 4학년만 수강신청 가능 3, 학년만 수강신청 가능 금지 국제통상학과 3, 학년만 가능 수강신청 가능"
78,중국학전공,1 2,,261003,기초중국어회화1 ***중국지역학입문 초급중국어1 중급중국어1 한중무역실무 중국문학개론,"01 02 03 "" ! #$ 01 02 01 02 01 02",3 3 3 3 3 3 3 3 3 3 3,,,최금단 여문리 박상림,"화1 :00-1 :30, 수10:00-11:30 목10:00-11:30 목11:30-1 :30 수10:00-11:30, 목10:00-11:30 목1 :00-1 :30",국10 - 국제A/V강의실/인306 - 국312 -국제A/V강의실 국10 - 국제A/V강의실 국문A/V강의실 e-learning(온라인)2 국312 -국제A/V강의실 국 07 - 중국A/V강의실 e-learning(온라인)2 국 0 - 중국A/V강의실 국310 - 국제A/V강의실,중국학전공 1학년만 수강가능 중국학전공(중국 어트랙) 학년만 [원격수업]중국학 전공 1학년만 수강가능 중국학전공 수강가능 1학년만 수강가능 첫째날 중국2학년/둘째 [원격수업]중국학 전공만 날 중국/셋째날 중국학전공(중국 어트랙) 학년만 첫째날 중국2학년/둘째 수강/그외학과문
78,중국학전공,3,,262076,중급중국어회화1 외국어교과교육론 외국어교과논리및논술 미디어중국어 중국기업분석 중국어작문1,01 02 03 01 02 01 02 03,3 3 3 3 3 3 3 3 3 3 3,,,동총,금10:00-11:30 목11:30-13:00 목1 :00-1 :30 수10:30-13:30,국10 - 국제A/V강의실 국 07 - 중국A/V강의실 인213 - 영문A/V강의실 국 07 - 중국A/V강의실 국10 - 국제A/V강의실 국 0 - 중국A/V강의실 국 0 - 중국A/V강의실 국 0 -1 - 강의실 국 07 - 중국A/V강의실,"전체 첫째날 수강가능 중국2학년/둘째 날 중국/셋째날 의 중국학전공(중국 어트랙) 학년만 날 중국/셋째날 교직이수 학생만 수강가능 전체 교직이수 학생만 수강가능 수강가능 첫째날 중국3학년/둘째 전체 첫째날 중국3학년/둘째, 중국학전공(중국 어트랙) 학년만 날 중국/셋째날 첫째날 세째날 중국 중국3학년/둘째 수강가능 전체 중국학전공(중국 어트랙) 학년만 날 중국/셋째날"
83,공공인재법학과,1 2,전필 전선,162097,헌법I ***법학입문 형법총론 물권법 행정법총론 헌법재판과판례 LEET연습,"01 02 01 02 "" ! #$ 01 02 01 02 01 02 01",3 3 3 3 3 3 3 3 3 3 3 3 3,,,김도협 최용전 이종덕 최용전,"목09:30-12:30 월13:30-1 :00, 목13:30-1 :00 수11:30-13:00 목11:30-13:00, 금11:30-13:00 월10:00-11:30, 수10:00-11:30 수1 :30-17:00 목10:00-11:30, 금10:00-11:30",대101 - e-강의실 e-learning(온라인)2 대101 - e-강의실 대302 - 강의실 대106 - 법학A/V실 대106 - 법학A/V실 대302 - 강의실 대101 - e-강의실/대109 - 교양A/V강의실 e-learning(온라인)2 대109 - 교양A/V강의실 대302 - 강의실 대106 - 법학A/V실 대106 - 법학A/V실,첫째둘째날 법학과1학년/셋 [원격수업]법학과 수강불가 째날 10시 전체 수강신청 가능 수강신청 가능 [원격수업]법학과 수강불가 수강신청 가능
83,공공인재법학과,3,전선 ※ )음영처리 )교과목은 )마이크로전공 )교과목임,162601,상법Ⅰ 공직선거법 가족정책법 민사소송법실무Ⅰ 형사소송법I AI시대의노동법 부동산법Ⅱ 실용행정법,02 01 02,3 3 3 3 3 3 3 3 3,,,이종덕 김명엽 최대호 이종덕,"화11:30-13:00 월10:00-11:30, 화10:00-11:30 수10:00-11:30 목1 :30-17:00",대302 - 강의실 대302 - 강의실 대101 - e-강의실/대109 - 교양A/V강의실 대109 - 교양A/V강의실 대106 - 법학A/V실 대203 - 수업행동분석실 대101 - e-강의실/대106 - 법학A/V실 대109 - 교양A/V강의실 대109 - 교양A/V강의실/대101 -,수강신청 가능 수강신청 가능 이중언어과정만 수강신청 가능
85,행정정보학과,1 2,전필 전선,172006,행정학원론 ***기초행정학 행정과컴퓨터프로그래밍 행정조사방법론 정책학 행정조직관리론,""" ! #$",3 3 3 3 3 3,,,,목11:30-13:00 목1 :30-17:00 목13:30-1 :00 금11:30-13:00 금10:00-11:30,대102 - 강의실 대102 - 강의실 정보 310 스마트강의실 대102 - 강의실 사209 - e-강의실 대10 - 행정A/V실/대102 -,"행정정보학과 1학년만 수강신청 행정정보학과 1학년만 수강신청 가능 행정정보학과 1학년만 수강신청 가능 행정정보학과,부- 복수전공생만 가능 신청가능"
85,행정정보학과,3,전필 전선,172010,공공데이터베이스관리론 NCS기반취업설계 지방재정론 캡스톤디자인(지역발전) 전산회계실무,,3 3 3 3 3,,,홍성우,금13:30-1 :00 목13:30-1 :00 수10:00-11:30 목13:30-1 :00,정보 310 스마트강의실 대102 - 강의실 강의실 대102 - 강의실 대10 - 행정A/V실 정보 06 정보실습실H,"행정정보학과,부- 복수전공생만 신청가능 절대평가"
85,행정정보학과,3,전선 ※ )음영처리 )교과목은 )마이크로전공 )교과목임,172602,행정법개론 공기업론 AI행정실무 행정공공이론 빅데이터시각화,,3 3 3 3 3,,,,수13:30-1 :00 수10:00-11:30 화1 :30-17:30 수1 :30-17:00,대10 - 행정A/V실 대10 - 행정A/V실 대10 - 행정A/V실 대109 - 교양A/V강의실 정보 310 스마트강의실,"행정정보학과,부- 복수전공생만 신청가능"
86,사회복지학과,,,191001,***사회복지학개론,""" ! #$",3,,,,수13:30-1 :00,대10 - 사복A/V실,가능
86,사회복지학과,1,,192601,문화다양성과사회복지 사회복지현장의탐색,,3 3,,,배종필,금11:30-13:00,대10 - 사복A/V실 사208 - e-강의실,가능
86,사회복지학과,1,,192007,가족복지론,01 02,3 3,,,김소희,"화11:30-13:00, 목11:30-13:00 목1 :00-1 :30",사209 - e-강의실,둘째날 10시 전체
86,사회복지학과,2,,192017,장애인복지론,01 02,3 3,,,,목10:00-11:30 금10:00-11:30,대109-2 - 사복 e-강의실,첫째날 사복 / 둘째날 10시 전체
86,사회복지학과,2,,192027,사회복지조사론 사회복지법제와실천,01 02 01,3 3 3,,,사회강사2 사회강사2,"월1 :00-1 :30, 수11:30-13:00 수1 :00-1 :30 월11:30-13:00, 금11:30-13:00",대109-2 - 사복 e-강의실 대109-2 - 사복 e-강의실,첫째날 사복 / 둘째날 10시 전체 첫째날 사복 /
86,사회복지학과,2,,192031,사회복지실천기술론,02 01 02,3 3 3,,,이수비,"금1 :00-1 :30 화12:00-13:30, 수10:00-11:30 목10:00-11:30",사20 - e-강의실,둘째날 10시 전체 둘째날 10시 전체
86,사회복지학과,3,,192036,사회복지정책론 프로그램개발과평가 학교사회복지론,01 02 01 02,3 3 3 3 3,,,안치민 김소희,"화1 :30-17:00, 목13:30-1 :00 목1 :30-17:00 월11:30-13:00, 수11:30-13:00 수1 :00-1 :30",대10 - 사복A/V실 사20 - e-강의실 사201 - e-강의실,둘째날 10시 전체 둘째날 10시 전체
86,사회복지학과,3,전선 ※ )음영처리 )교과목은 )마이크로전공 )교과목임,192602,사회복지현장실습II 사례관리론 AI기반사회문제해결과복 지실무,01 02,3 3 3 3,,,배종필 정명희 이수비,수11:30-1 :30 목11:30-1 :30,대10 - 사복A/V실 사201 - e-강의실 정보 03 정보실습실J 정보 0 정보실습실I,둘째날 10시 전체 동계방학 및 1학기중 실습자만 둘째날 10시 전체 가능 사회복지학과만 신청가능
90,문헌정보학과,1,전필,222001,***문헌정보학개론 고전자료의이해 지식정보사회론 학교도서관경영의이해 문헌분류론,""" ! #$ 01",3 3 3 3 3,,,윤현수,"목09:30-11:00 목13:30-1 :00 월1 :00-1 :30, 화1 :30-17:00",인208 - 교직A/V강의실 인31 - 문정A/V강의실 인208 - 교직A/V강의실 인31 - 문정A/V강의실 인316 - 문헌정보학과실습실,문정 1학년만 신청/3월 3일 문정 1학년만 신청/3월 3일 1 0 시이 후해 제 문정 1학년만 신청/3월 3일 문정 1학년만 신청/3월 3일 1 0 시이 후해 제 학번 끝자리 홀수만 신청 1 0 시이 후해 제 학번 끝자리
90,문헌정보학과,2 3,전선,222026,서지학(문헌학)개론 데이터사이언스의이해 도서관정보센터경영이론 고서감정법 자료조직연습 데이터큐레이션,02,3 3 3 3 3 3,,,,화1 :00-1 :30 금09:30-11:00 목13:30-1 :00 화09:30-11:00,인31 - 문정A/V강의실 인316 - 문헌정보학과실습실 인208 - 교직A/V강의실 인31 - 문정A/V강의실 인316 - 문헌정보학과실습실 인316 -,짝수만 신청 1 0 시이 후해 제 1일차 문정과만 신청/2일차 10시 이후 해제 1일차 문정과만 신청/2일차 10시
90,문헌정보학과,2 3,전선 ※ )음영처리 )교과목은 )마이크로전공 )교과목임,222087,도서관정보센터경영실무 도서관실습 데이터베이스운영론 취창업세미나(문헌정보) 도서관정책론 캡스톤디자인(지역사회와 공공도서관),,3 3 3 3 3 3 3,,,심효정 심효정,수11:30-13:00 금10:00-11:30 금11:30-13:30 목11:30-13:00,문헌정보학과실습실 인31 - 문정A/V강의실/인316 - 인31 - 문정A/V강의실 인316 - 문헌정보학과실습실 문헌정보학과실습실 인31 - 문정A/V강의실 인208 - 교직A/V강의실 인31 - 문정A/V강의실,"이후 해제 문정 3, 학년만 신청"
94,에코응용화학전공,,전필,732087,생화학 기능성소재학1,,3,,,,수13:30-1 :00,공나B 02 - 강의실(공용) 공나B 01 -,
94,에코응용화학전공,3,전선 전선,731016,유기화학실험 유기반응론 바이오센서공학 FL:응용재료학 생활화학제품제조학실습,,3 3 3 3 3 3,,,홍승택 채원석,화11:30-13:00 목13:30-1 :00 수11:30-13:00 화10:00-11:30,강의실(공용) 공나B 01 - 강의실(공용)/공나B 13 공나B 02 - 강의실(공용) 공나B 02 - 강의실(공용) - 전공기초실험실 공나B 01 - 강의실(공용) 공나B 01 - 강의실(공용)/공나B 13 - 전공기초실험실,
95,간호학과,1,전필,771003,간호학개론 심리학의이해,01 02 01 02,2 2 2 2,,0 0 0 0,양화미 김수미,수11:30-13:30 월11:30-13:30,산학 06 - 강의실 산학316 - 강의실,간호학과 재학생만 간호학과 재학생만 수강가능
95,간호학과,1,전기,771069,다문화의이해,01 02,2 2,,0 0,강순남,수09:30-11:30,산학316 - 강의실,간호학과 재학생만 수강가능
95,간호학과,1,전필,771070,비판적사고와간호과정 기본간호학Ⅰ,01 02 01 02 01 02,2 2 2 2 1 1,,0 0 0 0,오영경 구민경 구민경 오수일,금09:30-11:30 월09:30-11:30,산학316 - 강의실 산학307 - 스마트강의실,간호학과 재학생만 수강가능 간호학과 재학생만 수강가능 수강가능
95,간호학과,2,전선,771081,기본간호학실습Ⅰ 간호와영양 보완대체요법,03 0 0,1 1 1 1 1,,,장경민 구민경,목09:30-11:30 목11:30-13:30,산학 103 기본간호학 강의실 산학316 - 강의실 산학316 - 강의실,간호학과 재학생만 수강가능 간호학과 재학생만 간호학과 재학생만
95,간호학과,2,전선,771009,인간관계와의사소통,01 02,2 2,,0 0,김수미,화11:30-13:30,산학316 - 강의실,간호학과 수강가능 재학생만 수강가능
95,간호학과,2,전기,771011,병원미생물학 해부생리학Ⅱ,01 02 01 02,2 2 2 2,,0 0 0 0,김미리 김미리,수13:30-1 :30 화13:30-1 :30,산학307 - 스마트강의실 산학307 - 스마트강의실,간호학과 재학생만 수강가능 간호학과 재학생만 수강가능 수강가능
96,간호학과,,,771027,성인간호학2,01 02,2 2,,0 0,이정실,월11:30-13:30,산학 11 - 강의실 산학 10 - 강의실,간호학과 재학생만
96,간호학과,,,771028,여성건강간호학1,01 02,3 3,,,김성희,목09:30-12:30,산학 11 - 강의실 산학 10 - 강의실,간호학과 재학생만 수강가능
96,간호학과,,,771029,아동간호학2,01 02,2 2,,0 0,홍정민,금09:30-11:30,산학 11 - 강의실 산학 10 - 강의실,간호학과 재학생만 수강가능
96,간호학과,,,771030,정신간호학1,01 02,3 3,,,김재희,화09:30-12:30,산학 11 - 강의실 산학 10 - 강의실,간호학과 재학생만 수강가능
96,간호학과,3,전필,771032,성인간호학실습1,01 02 03,2 2 2,,,이정실,목13:30-19:1,산학 2082 성인 시뮬레이션실,간호학과 수강가능 재학생만
96,간호학과,3,전필,771033,여성건강간호학실습1,01 02 03 01,2 2 2 2,,,김성희,수11:30-17:30 금11:30-17:30,산학 2102 모성 시뮬레이션실,수강가능 간호학과 재학생만 수강가능
96,간호학과,3,전선 전필,771031,아동간호학실습1 보건교육 건강증진과정책 간호정보학 성인간호학,02 03 01 02 01 02,2 2 2 2 1 1 2 2,,0 0 0 0,홍정민 장경민 강정희,금12:30-13:30 월09:30-11:30,산학 2091 아동 시뮬레이션실 산학 10 - 강의실 산학 11 - 강의실 산학 06 - 강의실 산학 07 - 강의실 산학 06 - 강의실 산학 07 - 강의실,간호학과 재학생만 간호학과 재학생만 수강가능 간호학과 재학생만 간호학과 수강가능 재학생만 수강가능 간호학과 재학생만 수강가능 수강가능
97,간호학과,,전필,771062,지역사회간호학2 시뮬레이션실습2 성인간호학실습3 지역사회간호학실습1 정신간호학실습2 노인간호학실습,01 02 01 02 03 0 0 01 02 03 01 02 03 01 02 03 01 02,3 3 1 1 1 1 1 2 2 2 1 1 1 1 1 1 1 1,,,류현숙 홍정민 오영경 홍정민 이정실 강정희 류현숙 김재희 양화미,월11:30-1 :30 목09:30-11:30 금09:30-11:30 화13:30-19:1 금1 :30-17:30 수09:30-12:30 월1 :30-18:2,산학 06 - 강의실 산학 07 - 강의실 산학 210 Debriefing2 산학 208 Debriefing1 산학 210 Debriefing2 산학 208 Debriefing1 산학 2111 통합역량실습실 산학 2082 성인 시뮬레이션실 산학 2111 통합역량실습실 산학 212 지역사회간호학실습실 산학 2123 정신간호학실습실 산학 2111 통합역량실습실,간호학과 재학생만 수강가능 간호학과 재학생만 수강가능 간호학과 재학생만 수강가능 간호학과 재학생만 수강가능 간호학과 재학생만 수강가능 간호학과 재학생만
97,간호학과,,전필,771077,노인간호학 간호관리학Ⅰ,03 01 02 01 02,1 1 1 2 2,,0 0,양화미 양화미,화11:30-12:30 화09:30-11:30,산학 06 - 강의실 산학 07 - 강의실 산학 06 - 강의실 산학 07 - 강의실,간호학과 수강가능 재학생만 간호학과 재학생만 수강가능 수강가능
98,간호학과,,전필,771080,안전과간호 호스피스간호,01 02,1 1 1,,,양화미,금11:30-12:30,산학 06 - 강의실 산학 07 - 강의실 산학 07 - 강의실,간호학과 재학생만 간호학과 재학생만
98,간호학과,,전선,771082,상담이론과실제,,1,,,,,산학 06 - 강의실,간호학과 수강가능 재학생만 수강가능 수강가능
99,스포츠건강과학과,,,761003,체육원리 ***건강과운동의이해,,3 3,,,,수13:30-1 :00 수12:00-13:30,체216 - 강의실I 체216 - 강의실I,첫째날 스포츠 재학생 / 둘째날 첫째날 스포츠 재학생 / 둘째날
99,스포츠건강과학과,1,,762601,플로어볼지도법 스포츠생리학 건강생활과구기스포츠,""" ! #$ 01 02",2 2 3 2,,,김세웅 김흥태,월11:30-1 :30 월1 :30-17:30 목13:30-1 :00,체237 - 스포츠과학측정실및실 체219 - 강의실II 험실 체216 - 강의실I,10시 전체 10시 전체 첫째날 스포츠 재학생 / 둘째날 스포츠건강과학 과 1학년 학생만
99,스포츠건강과학과,2,전필 전선,762011,운동처방론 전문실기I 웨이트트레이닝Ⅰ,01 02 01,3 2 2 2 2,,,김세웅 김세웅,금09:30-11:00 화11:30-1 :30 화1 :30-17:30 목09:30-12:30,체219 - 강의실II 체237 - 스포츠과학측정실및실 체237 - 스포츠과학측정실및실 험실,첫째날 스포츠 재학생 / 둘째날 10시 전체 수강가능 10시 전체 첫째날 스포츠
99,스포츠건강과학과,2,전필 전선,762022,스포츠실기지도법 스포츠건강윤리 운동역학 스포츠의학,02,2 3 3 3,,,김흥태,목13:30-16:30 화09:30-11:00 수12:00-13:30,체216 - 강의실I 험실 체219 - 강의실II 체216 - 강의실I/체219 - 강의실II 체213 - 강의실,재학생 / 둘째날 첫째날 스포츠 10시 전체 재학생 / 둘째날 [원격수업]첫째날 스포츠만/둘째날
99,스포츠건강과학과,3,전선 ※ )음영처리 )교과목은 )마이크로전공 )교과목임,762602,AI와스포츠데이터분석실 습 수영및하계건강스포츠실 습 스포츠철학및문화사 체육정책및행정론 캡스톤디자인(퍼스널트레 이닝지도및실습),,3 2 3 3 3,,,윤영선 윤영선 안근희,수09:30-11:30 금11:30-12:30 목11:30-13:30 목09:30-11:30,정보 09 정보실습실F/정보 08 체237 - 스포츠과학측정실및실 체219 - 강의실II 정보실습실E e-learning(온라인)1 험실 체237 - 스포츠과학측정실및실 험실,첫째날 스포츠 재학생 / 둘째날 10시 전체 첫째날 스포츠 재학생 / 둘째날 10시전체 첫째날 스포츠 재학생 / 둘째날 10시 전체 [원격수업]첫째날 스포츠만/둘째날 10시 전체 첫째날 스포츠 재학생 / 둘째날 10시 전체 10시전체 10시 전체
106,컴퓨터공학전공,1,,561103,***컴퓨터프로그래밍기초 컴퓨터공학입문 자료구조,"01 "" ! #$ 01 02 01 02",3 3 3 3 3,,,박정규,"수09:30-11:00 금13:30-1 :00 수11:30-13:00 월1 :30-17:30, 화11:30-13:30 수13:30-1 :30, 목13:30-1 :30","공다B 10 - 프로그램실습실 공다A 1 - VR실습실 공다A 11 - 강의실(공용)/공다B 10 공다B 01 - 정보보안,e-biz실습실/",자과생(1학년)우 선수강/변경둘째 자과생(1학년)우 날1 시전체 선수강/변경둘째 자과생(2학년)우 선수강/변경둘째 날1 시전체
106,컴퓨터공학전공,2,,562601,iOS프로그래밍 논리회로및실습 자바프로그래밍 프론트엔드웹디자인,01 02 01 02 01 02 01,3 3 3 3 3 3 3,,,박정규 장윤석 김정민 김정민,"월10:00-11:30, 화09:30-11:00 화13:30-1 :00 월11:30-13:30, 금11:30-13:30 월09:30-11:30, 금09:30-11:30 월13:30-1 :00, 화1 :30-17:00 목13:30-1 :00 수09:30-11:00, 목09:30-11:00",- 프로그램실습실 공다A 10 - MacOS실습실 공다A 1 - VR실습실 공다B 12 - 마이크로컴퓨터실습실 공다B 10 - 프로그램실습실 공다A 10 - MacOS실습실 공다A 09 - 캡스톤디자인실습실,자과생(2학년)우 선수강/변경둘째 날1 시전체 [B/L]자과생2학년 만/변경둘째날1 날1 시전체 자과생(2학년)우 선수강/변경둘째 시전체 자과생(2학년)우 선수강/변경둘째 날1 시전체
106,컴퓨터공학전공,3,전필 전선,562062,운영체제론 컴퓨터알고리즘 데이터베이스론,02 01 02 01 02 01 02,3 3 3 3 3 3 3,,,이시진 박정규 신판섭,"목1 :30-17:00 월10:00-11:30, 목10:00-11:30 목13:30-1 :00 수11:30-13:00, 목11:30-13:00 목1 :30-17:00 수10:00-11:30, 금10:00-11:30 금13:30-1 :00",공다A 10 - MacOS실습실 공다A 11 - 강의실(공용) 공다A 11 - 강의실(공용) 공다A 11 - 강의실(공용),자과생(3학년)우 선수강/변경둘째 날1 시전체 자과생(3학년)우 선수강/변경둘째 날1 시전체 자과생(3학년)우 선수강/변경둘째 날1 시전체
106,컴퓨터공학전공,3,전선,562136,게임프로그래밍 임베디드시스템응용 분산.객체시스템설계,,3 3 3,,,김정민 신판섭,화13:30-1 :30 목09:30-11:30,"공다B 10 - 프로그램실습실 공다B 12 - 마이크로컴퓨터실습실 공다B 01 - 정보보안,e-biz실습실",날1 시전체 자과생( 학년)우 선수강/변경둘째
107,컴퓨터공학전공,,전선,562076,분산.객체시스템설계 리눅스시스템,01 02,3 3 3,,,신판섭 이시진,"목13:30-1 :30 수13:30-1 :30, 금13:30-1 :30 수09:30-11:30, 금09:30-11:30","공다B 01 - 정보보안,e-biz실습실 공다B 10 - 프로그램실습실 공다B 01 - 정보보안,e-biz실습실",자과생( 학년)우 선수강/변경둘째 날1 시전체
108,AI빅데이터전공,1,,567032,***AI빅데이터와융합IP 컴퓨터프로그래밍(C언어),"01 "" ! #$ 01",3 3,,,,,공다B 10 - 프로그램실습실 공다B 10 -,자과생(1학년)우 선수강/변경첫째 자과생(1학년)우 선수강/변경첫째
108,AI빅데이터전공,1,,567006,데이터기반프로그래밍(2) 프론트엔드웹설계,01,3 3,,,AI빅강사1 홍명덕,"수09:30-11:30, 금09:30-11:30",프로그램실습실 공다A 1 - VR실습실/공다B 10 - 공다A 09 - 캡스톤디자인실습실,날1 시전체 날1 시전체
108,AI빅데이터전공,2,,567007,빅데이터분석입문,,3,,,서혜선,,공다A 1 - VR실습실 프로그램실습실,
108,AI빅데이터전공,2,,567008,데이터구조의이해,,3,,,,,정보 310 스마트강의실,
108,AI빅데이터전공,2,,567016,엣지컴퓨팅,,3,,,김종원,,공다A 09 - 캡스톤디자인실습실,
108,AI빅데이터전공,2,,567018,빅데이터수리통계,,3,,,,,공다B 301 - 강의실(공용),
108,AI빅데이터전공,2,,567020,플랫폼OS,,3,,,,,공다A 09 - 캡스톤디자인실습실,
108,AI빅데이터전공,3,,567036,대용량데이터베이스설계 오픈소스소프트웨어응용,,3,,,유승호 AI빅강사1,"월1 :30-17:30,",공다A 09 - 캡스톤디자인실습실 공다A 10 - MacOS실습실/공다A,
108,AI빅데이터전공,3,,567601,드론영상비정형데이터AI 분석,,3 3,,,서혜선,화09:30-11:30,"공다B 01 - 정보보안,e-biz실습실",
108,AI빅데이터전공,3,,567027,캡스톤디자인(빅데이터분 석),,3,,,AI빅강사1,월09:30-13:30,공다B 301 - 강의실(공용) 409 -,
108,AI빅데이터전공,3,전필 전선 ※ )음영처리 )교과목은 )마이크로전공 )교과목임,567028,딥러닝의이해및실습 서버구축관리,,3 3,,,AI빅강사1,"화1 :30-17:30, 수11:30-13:30",공다A 1 - VR실습실 공다A 09 - 캡스톤디자인실습실 캡스톤디자인실습실,
109,스마트융합보안학과,1 2,전필 전선,576007,***융합산업보안론 이산수학구조론 SW프로그래밍Ⅰ 현대암호학 데이터구조 운영체제와아키텍처,""" ! #$",3 3 3 3 3 3,,,김자원 김자원,"화13:30-1 :00, 수13:30-1 :00 목13:30-1 :30 금10:00-11:30 수11:30-13:30",공나A 11 - 강의실(공용) 공나A 11 - 강의실(공용) 정보 09 정보실습실F 공나A 11 - 강의실(공용) 공다B 312 - 컴퓨터실습실 e-learning(온라인)1,첫째날보안1학년 만/둘째날11시전 첫째날보안1학년 만/둘째날11시전 체 첫째날보안1학년 만/둘째날11시전 체 체 [원격수업]
109,스마트융합보안학과,1 2,전필 전선,576017,사이버보안 데이터베이스및보안,,3 3,,,,"목13:30-1 :00, 금13:30-1 :00 수10:00-11:30, 금12:00-13:30",공다B 302 - 강의실(공용) 공다B 302 - 강의실(공용),
109,스마트융합보안학과,1 2,전필 전선,576018,컴퓨터네트워크와보안,,3,,,스마강사,"월09:30-11:30, 목09:30-11:30",공다B 312 - 컴퓨터실습실,
109,스마트융합보안학과,3,전필 전선,576019,인공지능및보안,,3,,,,목13:30-1 :00,공나A 12 - 시청각강의실,
109,스마트융합보안학과,3,전필 전선,576020,디지털포렌식,,3,,,김자원,수13:30-1 :30,공다B 312 - 컴퓨터실습실,
109,스마트융합보안학과,3,전필 전선,576021,스마트물리보안,,3,,,,,공나A 11 - 강의실(공용),
109,스마트융합보안학과,3,전선 ※ )음영처리 )교과목은 )마이크로전공 )교과목임,576028,악성코드분석 SW오픈소스기초 캡스톤디자인(보안인증),,3 3 3,,,정수경 스마강사12,"월12:00-13:30, 수13:30-1 :00 월13:30-1 :30, 금09:30-11:30",공다B 302 - 강의실(공용) 정보 07 정보실습실G 공다B 312 - 컴퓨터실습실,
113,전기공학과,1,,511001,기초창의적공학설계 ***전기의세계,""" ! #$",3 3,,,전기강사1,목11:30-13:00,공다B 31 - 캡스톤디자인실 공나B 109 -멀티 강의실,"전기과1학년만수 강/수강변경둘째 공학자율학부, 자율전공학부 날1 시전체"
113,전기공학과,2,전필,522002,기초회로실험 회로이론I,01 02,3 3 3,,,정택근,목09:30-13:30 목13:30-17:30 수10:00-11:30,공다B 210 - 전기기기실험실 공다A 21 - 강의실(공용),전기과2학년만수 1학년만 수강 강/수강변경둘째
113,전기공학과,2,전선,522023,전자기학I 프로그래밍언어1,,3,,,,금11:30-13:00,공다A 210 - 강의실(공용) e-learning(온라인)1,날1 시전체 [원격수업]전기2 학년만/변경둘째
113,전기공학과,3,전선 ※ )음영처리 )교과목은 )마이크로전공 )교과목임,522601,AI활용마이크로컨트롤러 응용 전기기기I 능동소자물성공학 전력공학 전기설비설계 고전압대전력공학 전력전자공학Ⅱ 캡스톤디자인(전기Ⅰ) 발전공학,,3 3 3 3 3 3 3 3 3 3,,,김종수 전기강사2 김남준 차준민,금11:30-13:00 금10:00-11:30 화10:00-11:30 목11:30-13:00 화11:30-13:30 금10:00-11:30,공다B 202 - 전력시스템실험실 공다A 21 - 강의실(공용) 공다A 210 - 강의실(공용) 공다A 21 - 강의실(공용)/공다A 210 공다A 21 - 강의실(공용) 공다B 202 - 전력시스템실험실/공다 - 강의실(공용) 공다A 21 - 강의실(공용) 공다B 31 - 캡스톤디자인실 A 210 - 강의실(공용) 공다B 31 - 캡스톤디자인실/공다B 202 - 전력시스템실험실,날1 시전체 전기과 학년만수 강/변경둘째날1 [B/L강좌] 시전체
114,화학공학과,1,,511002,화학공학개론 ***지속가능한화학공학의 이해,,3 3,,,,목13:30-1 :00,공나A 10 - 강의실(공용) 공나B 109 -멀티 강의실,화공과1학년만수 강/변경셋째날10 1학년만 수강
114,화학공학과,1,,601021,화공물리화학,""" ! #$",3,,,,,e-learning(온라인)1,시전체 [원격수업]
114,화학공학과,1,,602020,유기화학,,3,,,,금13:30-1 :00,공나A 10 - 강의실(공용),화공과학생만 수강/변경셋째날
114,화학공학과,2 3,전필 전선 전선 ※ )음영처리 )교과목은 )마이크로전공 )교과목임,602602,공업수학(화학공학) 화공기초실습 나노재료공학 화공열역학 고분자합성 유무기복합소재이론및응 용 공정유체역학 화학공정실험 화학반응공학Ⅰ 취창업세미나(화학공학) 유무기응용화학이론및실 험,,3 3 3 3 3 3 3 3 3 3 3,,,김용렬 이주형 김용렬 배병철,금10:00-11:30 목13:30-1 :00 수10:00-11:30 목10:00-11:30,공나A 10 - 강의실(공용) 공나B 13 - 화공기초실험실 공나B 09 - 강의실(공용) 공나A 10 - 강의실(공용) 공나A 10 - 강의실(공용) 공나A 10 - 강의실(공용)/공나A 11 공나B 09 - 강의실(공용) 공나B 11 - 화학공학실험실 - 고분자융합소재실험실 공나A 10 - 강의실(공용) 공나B 09 - 강의실(공용)/공나B 10 - 화학공정실험실,"화공과2,3학년만 수강/변경셋째날 10시전체 10시전체 화공과3, 학년만 수강/변경셋째날 10시전체"
118,토목공학전공,3,전필 전선 전선,632066,수문학 구조역학I 암반역학 토질역학원론및연습 철근콘크리트공학 도로공학 기초공학 건설안전공학 강구조공학설계 수자원공학설계,,3 3 3 3 3 3 3 3 3 3,,,김윤희 신재환,목13:30-1 :00 목1 :30-17:30,공가A 11 - e-강의실(공용) 공가A 113 - e-강의실(공용) 공가A 112 - e-강의실(공용) 공가A 11 - e-강의실(공용) 공가A 11 - e-강의실(공용) 공가A 113 - e-강의실(공용) 공가A 112 - e-강의실(공용) 공가A 112 - e-강의실(공용) 정보 0 정보실습실I,
119,스마트시티전공,,,660013,도로용량및서비스수준분 석 교통체계분석,,3 3,,,,화10:00-11:30 수10:00-11:30,공가B 01 - 스마트도시이론강의실 공가B 11 - 도시설계실험실,
119,스마트시티전공,3,,660016,스마트시티관계법규 공공데이터기반공간분석 실습,,3 3,,,유상균,,공가B 02 - 스마트도시이론강의실 Ⅰ 정보 03 정보실습실J,시티만수강가능/ 수강변경 둘째날
119,스마트시티전공,3,,660017,스마트도시설계실습,,3,,,백인길,,공가B 13 - 환경설계실험실 Ⅱ,
119,스마트시티전공,3,,660020,스마트시티와도시개발,,3,,,,,공가B 13 - 환경설계실험실,11시
119,스마트시티전공,3,전선,660023,자율적지능형교통체계 공공교통시스템 캡스톤디자인(스마트도시 계획실습Ⅱ),,3 3 3,,,유상균,수09:30-11:00,공가B 01 - 스마트도시이론강의실 공가B 11 - 도시설계실험실 공가B 10 - 도시정보시스템실(GIS) Ⅰ,시티 학년만수강 가능/수강변경 둘째날 11시
121,데이터경영산업공학과,1,,612601,***데이터경영산업공학개 론 AI활용창의실습 공학회계,""" ! #$",3 3,,,최재호,화11:30-13:00 목13:30-1 :30,공나A 111 - e-강의실(공용) 공나A 211 -품질공학실험실 공나A 209 -,
121,데이터경영산업공학과,2,,612092,컴퓨터프로그래밍실습 생산프로세스이해 인공지능개론및실습,,3 3 3,,,신기태 김훈태,금1 :00-1 :30 수09:30-11:30 금11:30-13:30,강의실(공용) 공나A 212 - 빅데이터분석실 공나A 209 - 강의실(공용) 공나A 210 -,"[B/L강좌],산공 재학생만 [B/L강좌], AI융합학부"
121,데이터경영산업공학과,2,전필,612037,인간공학 생산계획및통제,,3 3 3,,,오용희,금09:30-11:30 목11:30-13:00 화1 :00-1 :30,강의실(공용) 공나A 209 - 강의실(공용) 공나A 209 - 강의실(공용),수강가능 수강불가
121,데이터경영산업공학과,2,전필,612076,작업분석및설계,,3,,,,목10:00-11:30,공나A 210 - 강의실(공용),
121,데이터경영산업공학과,3,전선,612102,정보컴퓨터교과교육론,,3,,,,,공나A 211 -품질공학실험실,
121,데이터경영산업공학과,3,전필 전선 ※ )음영처리 )교과목은 )마이크로전공 )교과목임,612603,기업데이터베이스 정보컴퓨터교과교재연구 및지도법 캡스톤디자인(생산시스템) 기업정보시스템,01,3 3 3 3,,,오용희,화10:00-11:30 목10:00-11:30,공나A 212 - 빅데이터분석실 공나A 211 -품질공학실험실 공나A 210 - 강의실(공용) 공나A 212 - 빅데이터분석실,선수과목 이수자 수강가능
122,반도체융합공학과,1 2,※ )음영처리 )교과목은 )마이크로전공 )교과목임,682601,***반도체융합공학입문 반도체기초과학 디지털논리시스템 전기자기학 고체전자재료 회로이론및해석1 기초반도체공학실험Ⅰ AI응용프로그래밍실습,""" ! #$",3 3 3 3 3 3 3 3,,,백경갑,목10:00-11:30 목12:30-13:30 목11:30-13:00 금11:30-13:00 수13:30-1 :00 목10:00-11:30,공다A 311 - 강의실 공다B 09 - 강의실(공용) 공다A 311 - 강의실 공다A 310 - 강의실(공용) 공다A 311 - 강의실 공다A 310 - 강의실(공용) 공다A 211 - EmbeddedMCU실험실 정보 09 정보실습실F/정보 207 정보실습실A,1학년만수강가능 /변경1일차11시 1학년만수강가능 /변경1일차11시 전체수강 전자과만수강가 능/수강3일차11 전자과만수강가 능/수강3일차11 전체수강 시전체수강 시전체수강
124,신소재공학과,2 3,,582010,전자재료공학 표면화학 물리금속 결정구조분석 기초물리화학 재료강도학 세라믹공학실험,,3 3 3 3 3 3 3,,,나현석 나현석,화1 :30-17:00 금13:30-1 :00 목10:00-11:30,공다A 13 - 강의실(공용) 공다B 09 - 강의실(공용) 공다B 09 - 강의실(공용) 공다B 09 - 강의실(공용) 공다B 09 - 강의실(공용) 공다A 13 - 강의실(공용) 공다B 09 - 강의실(공용)/공다B 13,
124,신소재공학과,2 3,,582091,재료특성분석 금속재료,,3,,,,,공다A 13 - 강의실(공용) 공다A 13 -,
124,신소재공학과,2 3,전선,582019,전자재료공학실험 캡스톤디자인(신소재Ⅱ),,3 3 3,,,주성후 주성후,,강의실(공용) - 세라믹재료실험실 공다A 13 - 강의실(공용)/공다A 16 공다A 13 - 강의실(공용) - 전자재료실험실,
125,IT기계공학과,1,,571010,기계제도및CAD ***IT기계공학입문,01 02,3 3 3,,,권혁홍,화13:30-17:30 목13:30-17:30 목10:00-11:30,정보 207 정보실습실A 공다B 108 - 강의실,첫째날 공학자율학부만/
125,IT기계공학과,1,,571001,기계창의공학설계입문 고체역학I,""" ! #$",3 3,,,,목11:30-13:00,공다A 108 - e-강의실(공용) 공다B 108 - 강의실,둘째날 11시 전체
125,IT기계공학과,1,,572027,기계공작법,,3,,,,금13:30-1 :00,공다 A107 - 강의실(공용),
125,IT기계공학과,2,,572029,열역학 공학수학I 3DCAD실습II 창의기계와지식재산,01 02,3 3 3 3,,,구본승,금11:30-13:00 금10:00-11:30 화09:30-13:30 수13:30-17:30,공다A 108 - e-강의실(공용) 공다B 108 - 강의실 공다 A110 - CAE실 정보 207 정보실습실A,첫째날 IT기계 2학년만/둘째날 첫째날 IT기계 11시 전체 2학년만/둘째날
125,IT기계공학과,3,전필 전선 ※ )음영처리 )교과목은 )마이크로전공 )교과목임,572081,파이썬프로그램실습 자동차학개론 기계진동학 메카트로닉스및실습 CAE및실습 임베디드프로그램실습 캡스톤디자인(기계공학) 유압공학,01 02 01 02,2 3 3 3 3 3 3 3 3 3 3,,,김정수 김봉진 정규홍 구본승 정규홍 원현우,금10:00-11:30 목09:30-13:30 목13:30-17:30 수09:30-13:30 수13:30-17:30 금11:30-13:00,정보 09 정보실습실F 공다B 108 - 강의실 공다 A107 - 강의실(공용) 공다A 112 - 자동화실험실 공다 A110 - CAE실 공다 A110 - CAE실 공나B 112 -스마트강의실 공다 A107 - 강의실(공용),11시 전체 첫째날 IT기계 3- 학년만/둘째 날1 1 시전 체
130,사회복지상담학과(야),,,276001,사회복지학개론,,3,,,,,국310 - 국제A/V강의실,미래평생교육융 합대학 재학생만
130,사회복지상담학과(야),1,,276002,상담심리학 사회복지와인권,,3 3,,,,,국311 - 국제A/V강의실 국310 - 국제A/V강의실,미래평생교육융 합대학 재학생만 미래평생교육융 합대학 재학생만 수강가능
130,사회복지상담학과(야),2 3,,276013,뇌와치매 사회복지정책론 건강가정론,,3 3,,,,,국310 - 국제A/V강의실 국311 - 국제A/V강의실 국310 - 국제A/V강의실,사회복지상담학 과 재학생만 수강가능 미래평생교육융 합대학 재학생만 수강가능 미래평생교육융 합대학 재학생만
130,사회복지상담학과(야),2 3,,276021,이상심리,,3 3,,,,,국10 - 국제A/V강의실,수강가능 사회복지상담학 과생만 수강가능 수강가능
130,사회복지상담학과(야),2 3,전선,276029,노인요양보호론,,3,,,,,국10 - 국제A/V강의실,사회복지상담학 과 재학생만 수강가능 수강가능
131,드론산업학과,1 2,,272606,회전익UAV초급운용및실 습 프로그램기초 비가시권계기비행기초,,3 3 3,,,한규정 한규정,,국101 - e-강의실 국101 - e-강의실 국101 - e-강의실,만 수강가능 만 수강가능 만 수강가능
133,한국학과,,,871001,심화한국어1,,3,,,,화16:00-18: 0,인30 - 일반A/V강의실 대교208 - 강의실,한국학과 및 일반학과
133,한국학과,,,871002,학업한국어기초듣기,01 02 03,3 3 3,,,,,대교209 - 강의실 인308 - 일반A/V강의실,한국학과 및 일반학과 외국인만
133,한국학과,,,871003,학업한국어기초말하기 학업한국어기초쓰기,01 02 03 01 02,3 3 3 3 3,,,,,대교207 - 강의실 대교209 - 강의실 인308 - 일반A/V강의실 대교207 - 강의실 대교209 - 강의실,외국인만 수강가능 한국학과 및 일반학과 수강가능 외국인만 일반학과
133,한국학과,1,,871006,학업한국어기초읽기 심화한국어2,01 02,3 3 3,,,,,대교208 - 강의실 대교209 - 강의실 인308 - 일반A/V강의실,일반학과 수강가능 외국인만 한국학과 및 일반학과 외국인만
133,한국학과,1,,871007,학업한국어기초문법,01 02,3 3,,,공하림,월16:00-18: 0,인308 - 일반A/V강의실,수강가능 한국학과 및 일반학과 외국인만
133,한국학과,1,,871010,한국의생활문화와언어,,3,,,,,인308 - 일반A/V강의실,한국학과 및 일반학과 수강가능
133,한국학과,1,,872601,한국어와한국문화초급1,,3,,,,화09:30-12:30,인30 - 일반A/V강의실,한국학과 및 외국인만 일반학과 수강가능
133,한국학과,1,,872602,한국어와한국문화초급2,01 02,3 3,,,한국강 사17,화13:00-16:00,인30 - 일반A/V강의실,외국인만 한국학과 및 일반학과 수강가능 외국인만
133,한국학과,1,,872603,한국어와한국문화초급3 한국어와한국문화초급,01,3 3,,,,월13:00-16:00 월16:00-18: 0,인30 - 일반A/V강의실 인30 - 일반A/V강의실,한국학과 및 일반학과 수강가능 한국학과 및 외국인만 일반학과 수강가능
133,한국학과,1,,872606,한국어와한국문화중급1 한국어와한국문화중급2,,3 3,,,,목09:30-12:30 목13:00-16:00,인308 - 일반A/V강의실 인308 - 일반A/V강의실,한국학과 및 일반학과 외국인만 한국학과 및 수강가능 일반학과 외국인만
133,한국학과,1,,872607,한국어와한국문화중급3,,3,,,,,인30 - 일반A/V강의실,한국학과 및 일반학과 외국인만 수강가능
134,한국학과,1,,871008,한국어와한국문화중급 K-POP한국어,01 01 02,3 3 3,,,,,인30 - 일반A/V강의실 대교208 - 강의실 대교209 - 강의실,한국학과 및 일반학과 일반학과 외국인만
134,한국학과,1,,871009,드라마 ․ 예능한국어,01 02 01,3 3 3,,,,,대교208 - 강의실 대교209 - 강의실 대교207 - 강의실,일반학과 외국인만 수강가능
134,한국학과,1,,871011,학업한국어듣기,02 03 0,3 3 3,,,,,대교206 - 강의실 대교208 - 강의실 인308 - 일반A/V강의실,외국인만 한국학과 및 수강가능 일반학과 수강가능
134,한국학과,2,,871012,학업한국어말하기,01 02 03 0,3 3 3 3,,,,,대교206 - 강의실 대교207 - 강의실 대교208 - 강의실 인308 - 일반A/V강의실,외국인만 한국학과 및 일반학과 수강가능
134,한국학과,2,,871013,학업한국어쓰기 학업한국어읽기 비즈니스한국어1,01 02 03 0 01 02 03 0 01 02,3 3 3 3 3 3 3 3 3 3,,,,목16:00-18: 0 화10:00-13:00,대교206 - 강의실 대교207 - 강의실 대교208 - 강의실 인308 - 일반A/V강의실 대교207 - 강의실 대교206 - 강의실 대교208 - 강의실 인308 - 일반A/V강의실 대교311 - 강의실 대교206 - 강의실,외국인만 한국학과 및 일반학과 수강가능 외국인만 한국학과 및 일반학과 수강가능 외국인만 일반학과 수강가능
135,한국학과,2 3,,871021,비즈니스한국어1 비즈니스한국어2 한국의전통문화 한국의현대문화,03 0 01 02 03 0 01 02,3 3 3 3 3 3 3 3 3,,,,화1 :00-17:00 금16:00-18: 0 금09:30-12:30,대교207 - 강의실 인30 - 일반A/V강의실 대교311 - 강의실 대교206 - 강의실 대교207 - 강의실 인308 - 일반A/V강의실 인308 - 일반A/V강의실 인30 - 일반A/V강의실 인30 - 일반A/V강의실,일반학과 외국인만 한국학과 및 일반학과 수강가능 외국인만 한국학과 및 일반학과 한국학과 및 일반학과 수강가능
135,한국학과,2 3,,871022,외국어로서의한국어이해 교육법,,3,,,,,e-learning(온라인)1,한국학과 및 외국인만 일반학과
135,한국학과,2 3,전선,871023,외국어로서의한국어문법 교육론 외국어로서의한국어표현 교육법,,3 3,,,,금13:00-16:00,인308 - 일반A/V강의실 e-learning(온라인)1,한국학과 및 일반학과 외국인만 한국학과 및 수강가능 일반학과 외국인만 외국인만 수강가능 외국인만 수강가능 수강가능 수강가능
136,국제경영학과,,,872001,경영학의이해,,3,,,,,대교308 - 강의실,국제경영학과 외국인 유학생만
136,국제경영학과,,,872002,마케팅입문,01 02,3 3,,,,,대교308 - 강의실 대20 - 강의실,국제경영학과 외국인 유학생만
136,국제경영학과,1,,872003,조직행동개론 경력관리론,,3 3,,,,,대교308 - 강의실 대20 - 강의실,수강가능 국제경영학과 외국인 유학생만 국제경영학과 수강가능 외국인 유학생만 국제경영학과
136,국제경영학과,1,,872006,국제서비스마케팅 국제인적자원관리,01 02,3 3 3,,,,,대교308 - 강의실 대교308 - 강의실 대교311 - 강의실,외국인 유학생만 수강가능 국제경영학과 수강가능 외국인 유학생만
136,국제경영학과,1,,872007,비즈니스잉글리쉬,,3,,,,,대교308 - 강의실,수강가능 국제경영학과 외국인 유학생만
136,국제경영학과,1,,872008,글로벌마케팅이론,01 02,3 3,,,,,대교103 - 대강의실 대교307 - 강의실,수강가능 국제경영학과 외국인 유학생만 수강가능
136,국제경영학과,1,,872009,국제통상환경론,01 02,3 3,,,,,대교103 - 대강의실 대교307 - 강의실,국제경영학과 외국인 유학생만 수강가능
136,국제경영학과,2,,872010,비즈니스통계학,,3,,,,,e-learning(온라인)1,국제경영학과 외국인 유학생만
136,국제경영학과,2,,872011,국제무역실무론,01 02,3 3,,,,,대교307 - 강의실 대교308 - 강의실,수강가능 국제경영학과 외국인 유학생만
136,국제경영학과,2,,872012,E-Business,,3,,,,,e-learning(온라인)1,수강가능 국제경영학과 외국인 유학생만
136,국제경영학과,2,,872013,비즈니스창업론 글로벌기업분석,01 02,3 3 3,,,,,e-learning(온라인)1 대교311 - 강의실 대교308 - 강의실,[원격강좌]국제경 수강가능 영학과유학생만 국제경영학과 수강가능 외국인 유학생만 수강가능
136,국제경영학과,3,,872017,국제기업물류 글로벌경영전략,01 02,3 3 3,,,,,대교311 - 강의실 대교308 - 강의실 대교209 - 강의실,국제경영학과 외국인 유학생만 수강가능 국제경영학과 외국인 유학생만 수강가능
137,국제경영학과,,,872017,글로벌경영전략,02 03,3 3,,,,,대교307 - 강의실 대교311 - 강의실,국제경영학과 외국인 유학생만
137,국제경영학과,,,872018,글로벌생산및운영관리,01 02,3 3,,,,,대교209 - 강의실 대교307 - 강의실,국제경영학과 외국인 유학생만 수강가능
137,국제경영학과,3,,872019,글로벌CEO사례연구 ESG경영학,01 02,3 3 3,,,,,대교311 - 강의실 대교311 - 강의실 대교308 - 강의실,국제경영학과 외국인 유학생만 수강가능 국제경영학과 외국인 유학생만 수강가능
137,국제경영학과,3,전선,872023,국제통상정책이론 국제경영성공사례 국제협상세미나 국제경제법,01 02 01 02,3 3 3 3 3 3,,,,,대교209 - 강의실 대교307 - 강의실 사10 - 교양A/V강의실 사10 - 교양A/V강의실 대20 - 강의실 사10 - 교양A/V강의실,국제경영학과 외국인 유학생만 수강가능 국제경영학과 외국인 유학생만 수강가능 국제경영학과 외국인 유학생만 수강가능 국제경영학과 외국인 유학생만 수강가능 수강가능
139,캐릭터 ․ 아트상품융합전공,,,823000,캐릭터영상표현,,2,,,노승복,,정보 202 정보실습실B,
139,캐릭터 ․ 아트상품융합전공,2,,823001,삽화일러스트레이션 캐릭터표현,,3,,,김현성,,공가A 210 - 평면실습실1 공가A 1 - 융합실습실,
139,캐릭터 ․ 아트상품융합전공,3,,823003,캐릭터원형제작Ⅱ 아트굿즈,,3 3 3,,,최윤정 이승연 이희승,,공가A 1 - 융합실습실 공가B 201 - 조형실습실1,
139,캐릭터 ․ 아트상품융합전공,3,전선 ※ )음영처리 )교과목은 )마이크로전공 )교과목임,823006,예술문화산업연구 캡스톤디자인(아트상품종 합설계Ⅰ) 3D프린팅,,3 3 3,,,이해인 허혁준,,공가A 02 - 이론강의실 공가A 1 - 융합실습실 공가A 207 - PC실습실2,
140,K문화콘텐츠융합전공,1 2,,081010,문화트렌드의이해 영상콘텐츠산업과영화읽 기 문화원형과동양고전,,3 3 3,,,,목13:30-1 :00,인210 - 일반A/V강의실 예22 - 포스트프로덕션실 인302 - 문화콘텐츠A/V강의실,역사 ․ 문화콘텐 츠학과
140,K문화콘텐츠융합전공,1 2,,081002,콘텐츠기획및제작 문화브랜딩과포지셔닝기 법,,3 3,,,,,인302 - 문화콘텐츠A/V강의실 대301 - 강의실,역사 ․ 문화콘텐 츠학과
140,K문화콘텐츠융합전공,3,,081003,디자인과문화,,3,,,,,인306 - 국문A/V강의실,
140,K문화콘텐츠융합전공,3,전선 ※ )음영처리 )교과목은 )마이크로전공 )교과목임,081011,K-문화코드읽기 캐릭터산업과광고,,3 3,,,,,인302 - 문화콘텐츠A/V강의실 예302 - 시사실,
141,게임 ․ 콘텐츠융합전공,2,,690001,게임기획과스토리텔링,01,3 3,,,,수09:30-13:30,정보 0 정보실습실I 공가B 212 - PC실습실1,만화게임그래픽 전공 만화게임 2학년 우선 신청/3일차
141,게임 ․ 콘텐츠융합전공,2,,690008,게임컨셉디자인 캡스톤디자인(게임에셋활 용),02,3 3,,,김진훈 미술강사1,금09:30-13:30,정보 08 정보실습실E 공가B 212 - PC실습실1,전공 제한 해제
141,게임 ․ 콘텐츠융합전공,3,전선 ※ )음영처리 )교과목은 )마이크로전공 )교과목임,562136,게임프로그래밍 캡스톤디자인(게임졸업작 품연구Ⅰ),,3 3,,,김정민 김진훈,화13:30-1 :30,공다B 10 - 프로그램실습실 공가A 207 - PC실습실2,만화게임그래픽 전공 만화게임 학년 우선 신청/3일차 제한 해제
142,국방드론융합전공,,,697001,무인기조종제어,,3,,,스마강사11,"월1 :30-17:30, 화1 :30-17:30",공다A 12 - IT융합실험실,
142,국방드론융합전공,2,,697002,탐색적데이터분석,,3,,,AI빅강사1,"월13:30-1 :30, 화13:30-1 :30",공다B 301 - 강의실(공용),
142,국방드론융합전공,3,전선 ※ )음영처리 )교과목은 )마이크로전공 )교과목임,697003,현대무기체계론 캡스톤디자인(항공비행제 어시스템) 지형영상촬영제작,,3 3 3,,,스마강사11 스마강사11,금1 :00-1 :30 수09:30-13:30 금09:30-13:30,공다B 302 - 강의실(공용)/공나A 11 공다A 12 - IT융합실험실 공다A 12 - IT융합실험실 - 강의실(공용),
143,지식재산창업융합전공,,,696000,창의지식재산소양,,3,,,,,공나B 112 -스마트강의실,
143,지식재산창업융합전공,2,,696001,기업가정신과창업 창의발명아이디어,,3 3,,,,수1 :00-1 :30 수1 :30-17:00,공나B 112 -스마트강의실/공나A 공다B 301 - 강의실(공용),
143,지식재산창업융합전공,3,,696006,디자인씽킹과비즈니스모 델링 미래산업트렌드,,3 3,,,,"화1 :00-1 :30, 목1 :30-17:00 화1 :30-17:00, 목1 :00-1 :30",공나B 112 -스마트강의실 111 - e-강의실(공용) 공나B 112 -스마트강의실,
143,지식재산창업융합전공,3,,696010,창의BM지식재산,,3,,,,,공다B 301 - 강의실(공용),
143,지식재산창업융합전공,3,전선 ※ )음영처리 )교과목은 )마이크로전공 )교과목임,696011,테크노 ․ 소셜 ․ 아트프러너십,,3,,,,수1 :30-17:00,공나B 112 -스마트강의실/공나A 111 - e-강의실(공용),
144,전기차핵심기술융합전공,1 2,,530003,코딩의기초 전기전자공학개론 에너지저장소재부품개론,,3 3,,,,수1 :00-1 :30,공다A 21 - 강의실(공용) 공다A 210 - 강의실(공용) 공나B 09 -,
144,전기차핵심기술융합전공,1 2,,530007,전력변환공학,,3 3,,,,목11:30-13:00,강의실(공용) 공다B 202 - 전력시스템실험실,
144,전기차핵심기술융합전공,3,,530008,에너지소재공학,,3,,,,,e-learning(온라인)1,[원격수업]
144,전기차핵심기술융합전공,3,,530011,전기차전력변환시스템설 계,,3,,,박범수,,공다A 210 - 강의실(공용),
144,전기차핵심기술융합전공,3,전선 ※ )음영처리 )교과목은 )마이크로전공 )교과목임,530012,탄소재료공학,,3,,,,,e-learning(온라인)1,[원격수업]
146,통일한국인재융합전공,2,,362010,세계화와통일한국 남북한경제의이해,,3 3,,,,,사10 - 강의실 e-learning(온라인)2,[원격수업]
146,통일한국인재융합전공,2,,362020,미중관계의국제정치,,3,,,,,e-learning(온라인)2,[원격수업]
146,통일한국인재융합전공,2,,362018,북한이탈주민연구,,3,,,,,사10 - 강의실,
146,통일한국인재융합전공,3,,362021,통일인문독서,,3,,,,,사10 - 강의실,
146,통일한국인재융합전공,3,※ )음영처리 )교과목은 )마이크로전공 )교과목임,362022,통일한국사회복지,,3,,,,,사10 - 강의실,
