이수구분,교과명,분반,학점,담당교수,강의시간
교필,AI시대의컴퓨팅사고,01,2,김선경,화11:30-13:30
교필,AI시대의컴퓨팅사고,02,2,박효진,화11:30-13:30
교필,AI시대의컴퓨팅사고,03,2,김지연,금09:30-11:30
교필,AI시대의컴퓨팅사고,04,2,2침 상오,금09:30-11:30
교필,AI시대의컴퓨팅사고,05,2,김선경,금09:30-11:30
교필,AI시대의컴퓨팅사고,06,2,이윤정,월11:30-13:30
교필,AI시대의컴퓨팅사고,07,2,2침 상오,금11:30-13:30
교필,AI시대의컴퓨팅사고,08,2,김선경,금11:30-13:30
교필,AI시대의컴퓨팅사고,09,2,이윤정,수09:30-11:30
교필,AI시대의컴퓨팅사고,10,2,이윤정,수11:30-13:30
교필,AI시대의컴퓨팅사고,11,2,2침 상오,수11:30-13:30
교필,AI시대의컴퓨팅사고,12,2,김선경,화09:30-11:30
교필,AI시대의컴퓨팅사고,13,2,김지연,화09:30-11:30
교필,AI시대의컴퓨팅사고,14,2,박효진,화09:30-11:30
교필,AI시대의컴퓨팅사고,15,2,김선경,수09:30-11:30
교필,AI시대의컴퓨팅사고,16,2,김지연,수09:30-11:30
교필,AI시대의컴퓨팅사고,17,2,김지연,목09:30-11:30
교필,AI시대의컴퓨팅사고,18,2,김상오,목09:30-11:30
교필,사고와표현,19,2,김선경,"목11:30-13:30,월11:30-13:30"
교필,사고와표현,20,2,김선경,"월09:30-11:30,수11:30-13:30"
교필,사고와표현,21,2,박효지,"월09:30-11:30,월11:30-13:30"
교필,사고와표현,22,2,이윤정,"월09:30-11:30,월11:30-13:30"
교필,사고와표현,23,2,김선경,월11:30-13:30
교필,사고와표현,24,2,박효진,월11:30-13:30
교필,사고와표현,01,2,정연희,수15:30-17:30
교필,사고와표현,02,2,박동근,월09:30-11:30
교필,사고와표현,03,2,박동근,화09:30-11:30
교필,사고와표현,04,2,김도환,월09:30-11:30
교필,사고와표현,05,2,김도환,수09:30-11:30
교필,사고와표현,06,2,김연회,수09:30-11:30
교필,사고와표현,07,2,박동근,목09:30-11:30
교필,사고와표현,08,2,김도화,수11:30-13:30
교필,사고와표현,09,2,신유식,목09:30-11:30
교필,사고와표현,10,2,김연회,월09:30-11:30
교필,사고와표현,11,2,정연희,화09:30-11:30
교필,사고와표현,12,2,김도환,화09:30-11:30
교필,사고와표현,13,2,신유식,화09:30-11:30
교필,사고와표현,14,2,정연희,화11:30-13:30
교필,사고와표현,15,2,김도환,화11:30-13:30
교필,사고와표현,16,2,신유식,화11:30-13:30
교필,사고와표현,17,2,박동근,목11:30-13:30
교필,사고와표현,18,2,신유식,목11:30-13:30
교필,사고와표현,19,2,김연회,"월11:30-13:30,목11:30-13:30"
교필,사고와표현,20,2,김연회,"수11:30-13:30,월09:30-11:30"
교필,사고와표현,21,2,박동근,"월11:30-13:30,월09:30-11:30"
교필,사고와표현,22,2,정연희,"월11:30-13:30,월09:30-11:30"
교필,영어읽기와토론,23,2,김도환,월11:30-13:30
교필,영어읽기와토론,24,2,김도환,화09:30-11:30
교필,영어읽기와토론,25,2,임보연,화11:30-13:30
교필,영어읽기와토론,26,2,임보연,수09:30-11:30
교필,영어읽기와토론,27,2,배주현,수11:30-13:30
교필,영어읽기와토론,01,2,배주현,화11:30-13:30
교필,영어읽기와토론,02,2,임도현,화11:30-13:30
교필,영어읽기와토론,03,2,변효정,화11:30-13:30
교필,영어읽기와토론,04,2,임도현,화09:30-11:30
교필,영어읽기와토론,05,2,김한규,화09:30-11:30
교필,영어읽기와토론,06,2,변효저,목11:30-13:30
교필,영어읽기와토론,07,2,김한규,수09:30-11:30
교필,영어읽기와토론,08,2,임도 현,수11:30-13:30
교필,영어읽기와토론,09,2,김한규,"수11:30-13:30,수01:30-13:30"
교필,영어읽기와토론,10,2,변효정,"수11:30-13:30,수01:30-13:30"
교필,영어읽기와토론,11,2,임도 현,수09:30-11:30
교필,영어읽기와토론,12,2,김한규,금09:30-11:30
교필,영어읽기와토론,13,2,임도 허,목09:30-11:30
교필,영어읽기와토론,14,2,김한규,
교필,영어읽기와토론,15,2,변효저,목09:30-11:30
교필,영어읽기와토론,16,2,김한규,목11:30-13:30
교필,영어읽기와토론,17,2,임도 현,목11:30-13:30
교필,영어읽기와토론,18,2,김한규,금11:30-13:30
교필,대학생활과진로,19,2,호정,월09:30-11:30
교필,대학생활과진로,20,2,김한규,월09:30-11:30
교필,대학생활과진로,21,2,변효정,월11:30-13:30
교필,대학생활과진로,22,2,임도 허,월11:30-13:30
교필,대학생활과진로,23,2,김한규,월11:30-13:30
교필,대학생활과진로,01,1,취업강사11,
교필,대학생활과진로,01,2,최치봉,화11:30-13:30
교필,대학생활과진로,02,2,최치봉,화09:30-11:30
교필,대학생활과진로,03,2,최치봉,화11:30-13:30
교필,대순사상과상생윤,04,2,여 여호,수09:30-11:30
교필,대순사상과상생윤,05,2,여 여호,"수11:30-13:30,수01:30-13:30"
교필,대순사상과상생윤,06,2,황희 연,월11:30-13:30
교필,대순사상과상생윤,07,2,황희 연,
교필,대순사상과상생윤,08,2,황희 연,월15:30-17:30
교필,대순사상과상생윤,09,2,김태수,월09:30-11:30
교필,대순사상과상생윤,10,2,김태수,월11:30-13:30
교필,대순사상과상생윤,11,2,김태수,화09:30-11:30
교필,대순사상과상생윤,12,2,김대현,화11:30-13:30
교필,대순사상과상생윤,13,2,김대현,목09:30-11:30
교필,대순사상과상생윤,14,2,김내현,목11:30-13:30
교필,대순사상과상생윤,15,2,김내현,금09:30-11:30
교필,대순사상과상생윤,16,2,김내현,금11:30-13:30
교필,대순사상과상생윤,17,2,김의서,수09:30-11:30
교필,대순사상과상생윤,18,2,김의서,수11:30-13:30
교필,대순사상과상생윤,19,2,김의서,목09:30-11:30
교필,대순사상과상생윤,20,2,나권수,목11:30-13:30
교필,대순사상과상생윤,21,2,나권수,목09:30-11:30
교필,대순사상과상생윤,22,2,펴 7의 이,수09:30-11:30
교필,대순사상과상생윤,23,2,펴 7의 이,수13:30-15:30
교필,대순사상과상생윤,24,2,김태수,월18:25-20:05
교필,대순사상과상생윤,25,2,김진영,수20:05-21:45
교필,대순사상과상생윤,01,2,김진영,화09:30-11:30
교필,대순사상과상생윤,02,2,김진영,화11:30-13:30
교필,LCT(LearningbyC0mmunication&Teamwork),03,2,정소명,수09:30-11:30
교필,LCT(LearningbyC0mmunication&Teamwork),04,2,정소명,목09:30-11:30
교필,LCT(LearningbyC0mmunication&Teamwork),05,2,정소명,목11:30-13:30
교필,LCT(LearningbyC0mmunication&Teamwork),06,2,정소명,금09:30-11:30
교필,LCT(LearningbyC0mmunication&Teamwork),07,2,정소명,화09:30-11:30
교필,LCT(LearningbyC0mmunication&Teamwork),08,2,정소명,수09:30-11:30
교필,LCT(LearningbyC0mmunication&Teamwork),09,2,정소명,"수11:30-13:30,수01:30-13:30"
교필,LCT(LearningbyC0mmunication&Teamwork),10,2,조용기,목09:30-11:30
교필,LCT(LearningbyC0mmunication&Teamwork),11,2,조용기,금09:30-11:30
교필,LCT(LearningbyC0mmunication&Teamwork),12,2,조용기,금11:30-13:30
교필,LCT(LearningbyC0mmunication&Teamwork),13,2,조용기,월09:30-11:30
교필,LCT(LearningbyC0mmunication&Teamwork),14,2,조용기,화09:30-11:30
교필,LCT(LearningbyC0mmunication&Teamwork),15,2,조용기,수09:30-11:30
교필,LCT(LearningbyC0mmunication&Teamwork),16,2,조용기,목09:30-11:30
교필,LCT(LearningbyC0mmunication&Teamwork),17,2,정영웅,월09:30-11:30
교필,LCT(LearningbyC0mmunication&Teamwork),18,2,정영웅,월11:30-13:30
교필,LCT(LearningbyC0mmunication&Teamwork),19,2,정영웅,화09:30-11:30
교필,LCT(LearningbyC0mmunication&Teamwork),20,2,손영경,화11:30-13:30
교필,LCT(LearningbyC0mmunication&Teamwork),21,2,손영경,월13:30-15:30
교선,일본어회화,01,2,박선옥,월09:30-11:30
교선,일본어회화,02,2,박선옥,월11:30-13:30
교선,일본어회화,03,2,박선옥,화09:30-11:30
교선,일본어회화,04,2,박선옥,수09:30-11:30
교선,일본어회화,05,2,박선옥,수11:30-13:30
교선,일본어회화,06,2,71大卜나,목11:30-13:30
교선,일본어회화,07,2,71大卜나,수13:30-15:30
교선,일본어회화,08,2,71大卜나,목09:30-11:30
교선,일본어회화,09,2,71大卜나,목11:30-13:30
교선,일본어회화,10,2,71大卜나,월09:30-11:30
교선,일본어회화,11,2,71大卜나,월11:30-13:30
교선,인간과언어,12,2,노은미,화09:30-11:30
교선,인간과언어,13,2,노은미,화11:30-13:30
교선,인간과언어,14,2,김연회,화13:30-15:30
교선,인간과언어,01,2,김연회,월13:30-15:30
교선,응급저치법,01,2,임기태,화09:30-11:30
교선,응급저치법,02,2,임기태,화11:30-13:30
교선,인간과신화,01,2,김영주,금21:20-22:10
교선,인간과종교,01,2,이현,화11:30-13:30
교선,인간과종교,02,2,이현,화13:30-15:30
교선,인문학과자기경영의만남,01,3,김영미,
교선,동시대의문학제험,01,2,신종곤,금09:30-11:30
교선,초급영어청취,01,2,이희정,목11:30-13:30
교선,고전인문학산책,01,2,임보연,목09:30-11:30
교선,세계전쟁사,01,2,최한진,수09:30-11:30
교선,세계전쟁사,02,2,최한진,수13:30-15:30
교선,한국전쟁사,01,2,최한진,화09:30-11:30
교선,한국전쟁사,02,2,최한진,화11:30-13:30
교선,한국전쟁사,03,2,최한진,화13:30-15:30
교선,리타로와심학,01,2,김 영 환,화13:30-15:30
교선,리타로와심학,02,2,김 영 환,목13:30-15:30
교선,토익입문,01,2,이희정,월09:30-11:30
교선,토익입문,02,2,이희정,월11:30-13:30
교선,토익입문,03,2,이희정,월13:30-15:30
교선,입문중국어,01,2,임지강,수11:30-13:30
교선,중국어회화,01,2,임지강,수13:30-15:30
교선,중국어회화,02,2,임지강,수15:30-17:30
교선,일본어입문,01,2,71大卜나,수09:30-11:30
교선,일본어입문,02,2,71大卜나,수11:30-13:30
교선,초급영어독해,01,2,백승봉,"수19:15-20:05,수09:30-11:30"
교선,초급영어독해,01,2,백승봉,"수09:30-11:30,수19:15-20:05"
교선,토익LC,01,2,2침호정,화09:30-11:30
교선,토익LC,02,2,2침호정,화11:30-13:30
교선,토익LC,03,2,2침호정,화13:30-15:30
교선,영미명작과영화,01,2,양균원,화09:30-11:30
교선,한국사,01,2,김형기,목09:30-11:30
교선,동양철학의이해,01,2,이현,월09:30-11:30
교선,동양철학의이해,02,2,이현,화09:30-11:30
교선,인물로풀어본중국역,01,2,기 더사,월15:30-17:30
교선,인물로풀어본중국역,02,2,기 더사,화15:30-17:30
교선,노자와공자의사상,01,2,김덕삼,목19:40-20:30
교선,영어쓰기,01,2,임도 현,월15:30-17:30
교선,실용일본어,01,2,박선옥,화11:30-13:30
교선,영상일본어,01,2,박선옥,화13:30-15:30
교선,영상일본어,02,2,노은미,월13:30-15:30
교선,예비부모교육,01,2,손영경,화11:30-13:30
교선,예비부모교육,02,2,손영경,목09:30-11:30
교선,한국문화로배우는영어,01,2,Sarah Choi,목21:20-22:10
교선,토익어휘,01,2,변효정,수13:30-15:30
교선,JLPT중급(N4/N3),01,2,김창남,목13:30-15:30
교선,JLPT고급(N2/N1),01,2,박선옥,수13:30-15:30
교선,21세기한국소설의이,01,2,정연희,"월15:30-17:30,화13:30-15:30"
교선,21세기한국소설의이,02,2,정연희,"수11:30-13:30,수09:30-11:30"
교선,21세기한국소설의이,01,2,Mark,화13:30-15:30
교선,21세기한국소설의이,02,2,Mark,"수09:30-11:30,수11:30-13:30"
교선,초급생활영어회화,03,2,Burman,수11:30-13:30
교선,초급생활영어회화,04,2,Burman,목13:30-15:30
교선,초급생활영어회화,05,2,Burman,화11:30-13:30
교선,초급생활영어회화,06,2,HILL,화13:30-15:30
교선,초급생활영어회화,07,2,HILL,수13:30-15:30
교선,초급생활영어회화,08,2,BRIAN D,목11:30-13:30
교선,초급생활영어회화,09,2,BRIAN D,목13:30-15:30
교선,OPlc,10,2,Sarah Choi,금13:30-15:30
교선,OPlc,11,2,Sarah Choi,화11:30-13:30
교선,OPlc,01,2,Sarah Choi,월11:30-13:30
교선,OPlc,02,2,Sarah Choi,월13:30-15:30
교선,KoreanLanguage(E),01,2,Sarah Choi,금21:20-22:10
교선,역사에서미래를읽다,01,2,박윤선,화15:30-17:30
교선,문학치유,01,2,나병준,수15:30-17:30
교선,언어의이해,01,2,나병모,
교선,언어의이해,02,2,김한규,
교선,다이나믹생활영어회,01,2,Mark,월11:30-13:30
교선,다이나믹생활영어회화,03,2,Sarah Choi,목13:30-15:30
교선,한글과문자론,01,2,박동근,수09:30-11:30
교선,생활한자,01,2,임보연,월11:30-13:30
교선,생활한자,02,2,임보연,월13:30-15:30
교선,한국소설과영화,01,2,장해련,수13:30-15:30
교선,일상문화와철학,01,2,기 더사,화09:30-11:30
교선,일상문화와철학,02,2,기 더사,화11:30-13:30
교선,경제와사회,01,2,권선희,월13:30-15:30
교선,법과여성,01,2,이종덕,화11:30-13:30
교선,법과여성,02,2,이종덕,수13:30-15:30
교선,경제의대중국이해현,01,2,배규한,월18:25-19:15
교선,북한학,01,2,김갑수,목11:30-13:30
교선,공학커뮤니케이션,01,2,이재경,목09:30-11:30
교선,다종교사회와종교문화,01,2,이현,월11:30-13:30
교선,다종교사회와종교문화,02,2,이현,월13:30-15:30
교선,통일인문사회독해,01,2,이철수,월15:30-17:30
교선,ESG경영과리스크관리,01,2,신선해,월15:30-17:30
교선,ESG경영과리스크관리,02,2,신선해,화15:30-17:30
교선,인간의삶과정신건강,01,2,조미영,목09:30-11:30
교선,인간의삶과정신건강,02,2,조미영,목11:30-13:30
교선,대학생을위한부동산법률상식,01,2,법학강사1,월10:00-12:00
교선,대인관계심리,01,2,조미영,월09:30-11:30
교선,대인관계심리,02,2,조미영,월11:30-13:30
교선,통일과한국의미래,01,2,기 서,목09:30-11:30
교선,통일과한국의미래,02,2,기 서,목11:30-13:30
교선,자본주의와시장,01,2,조윤기,월11:30-13:30
교선,리현대사회와심,01,2,유순덕,수11:30-13:30
교선,리현대사회와심,02,2,유순덕,수13:30-15:30
교선,국제사회와정치,01,2,박영만!,월09:30-11:30
교선,국제사회와정치,02,2,정병화,월13:30-15:30
교선,변화와장의탐구,01,2,김덕삼,수19:15-20:05
교선,현대사회와스포츠,01,2,임기태,수11:30-13:30
교선,현대사회와스포츠,01,2,임기태,화09:30-11:30
교선,통합이해와장애의,02,2,조미영,화11:30-13:30
교선,통합이해와장애의,03,2,함현진,수11:30-13:30
교선,제4자산업혁명과자기경영,01,3,김민철,
교선,세계평화와국제기구,01,2,박영만!,수09:30-11:30
교선,세계평화와국제기구,02,2,정임재,수09:30-11:30
교선,SpeciaITopicsinKoreanStudies(E)I,01,2,Sarah Choi,금20:30-21:20
교선,현대사회와인성,01,2,정소명,수13:30-15:30
교선,북한정지사회와한반도통일,01,2,김형석,목13:30-15:30
교선,한반도와국제관계,01,2,정병화,수11:30-13:30
교선,사례로배우는아동발달심리,01,2,함현진,목11:30-13:30
교선,사례로배우는아동발달심리,02,2,함현진,금11:30-13:30
교선,영화로보는도서관과정보사회,01,2,이정호,목11:30-13:30
교선,노동인권의이해,01,3,행정강사4,수10:00-13:00
교선,통일과사회복지,01,2,이철수,화13:30-15:30
교선,테크놀로지와미디어,01,2,,목13:30-15:30
교선,지능정보사회와법,01,2,김명엽,목13:30-15:30
교선,지능정보사회와법,02,2,김명엽,목15:30-17:30
교선,기후위기대응과국제협력제제,01,2,정임재,화11:30-13:30
교선,탄소중립정책의이해,01,2,정임재,화14:30-16:30
교선,상생하는세계시민교육,01,2,정소명,금11:30-13:30
교선,남북한의사회복지,01,2,이철수,화15:30-17:30
교선,인사관리와경영심리,01,2,신선해,월13:30-15:30
교선,인사관리와경영심리,02,2,신선해,"화13:30-15:30,화11:30-13:30"
교선,생태관광과경영,01,2,구』 신 일,
교선,생태관광과경영,02,2,구』 신 일,화13:30-15:30
교선,생태관광과경영,03,2,구』 신 일,화15:30-17:30
교선,현대사회와경찰,01,2,김명엽,수09:30-11:30
교선,현대사회와경찰,02,2,김명엽,수11:30-13:30
교선,남북한의법,01,2,천영성,월13:30-15:30
교선,남북한의법,02,2,천영성,화13:30-15:30
교선,미래사회와청소년교육,01,2,유순덕,화15:30-17:30
교선,미디어로읽는심리학,01,2,유순덕,화11:30-13:30
교선,미디어로읽는심리학,02,2,유순덕,화13:30-15:30
교선,인문학포천의,01,2,정연희,목15:30-17:30
교선,국가안보론(안보전략),01,2,한명길,화09:30-11:30
교선,생활과전기,01,2,김종호,목11:30-13:30
교선,생활과전기,02,2,김종호,목13:30-15:30
교선,우주와물질,01,2,신홍기,목13:30-15:30
교선,우주와물질,02,2,신홍기,목15:30-17:30
교선,생활속의신소재,01,2,나현석,월13:30-15:30
교선,생활속의신소재,02,2,나현석,월15:30-17:30
교선,물리학및실험I,01,3,신홍기,"월13:30-17:30,월11:30-13:30,수15:30-17:30"
교선,물리학및실험I,02,3,신홍기,수13:30-17:30
교선,물리학및실험I,03,3,신홍기,화13:30-17:30
교선,물리학및실험I,01,3,신홍기,"월11:30-13:30,수15:30-17:30"
교선,일반화학및실험I,02,3,박성호,"화13:30-15:30,목13:30-15:30"
교선,일반화학및실험I,03,3,한만소,"월09:30-11:30,목15:30-17:30"
교선,일반화학및실험I,04,3,한만소,"수11:30-13:30,금11:30-13:30,월13:30-15:30"
교선,일반화학및실험I,05,3,박성호,월13:30-15:30
교선,생명과학및실험I,01,3,곽애경,"수09:30-11:30,금09:30-11:30,수11:30-13:00,금11:30-13:00"
교선,생명과학및실험I,02,3,곽애경,"수13:30-15:30,금13:30-15:30"
교선,생명과학및실험I,03,3,곽애경,"수11:30-13:30,목11:30-13:30"
교선,생명과학및실험I,01,3,김봉진,"수11:30-13:00,금11:30-13:00,수09:30-11:30,금09:30-11:30"
교선,기초미적분학,02,3,김원배,"화13:30-15:00,목10:00-11:30"
교선,기초미적분학,03,3,김원배,"화10:00-11:30,목13:30-15:00"
교선,기초미적분학,04,3,김봉진,"수13:30-15:00,목13:30-15:00"
교선,기초미적분학,05,3,김원배,"화11:30-13:00,수11:30-13:00"
교선,기초미적분학,06,3,이정례,"월14:30-15:30,금13:30-15:30"
교선,기초미적분학,07,3,이정례,월15:30-16:30
교선,기초미적분학,08,3,이정례,"월16:30-17:30,금11:30-13:30"
교선,응용미적분학,01,3,김원배,금10:00-13:00
교선,과학기술과지식재산,01,2,이재경,월11:30-13:30
교선,과학기술과지식재산,02,2,이재경,화11:30-13:30
교선,과학기술과직업윤리,01,2,이재경,수09:30-11:30
교선,알기쉬운저작권,01,1,김현동,화09:30-11:30
교선,음식과식품재료,01,2,최진희,금09:30-11:30
교선,R과기초데이터분석,01,2,김원배,수13:30-15:30
교선,기초통계학,01,2,김원배,"수09:30-11:30,월10:00-11:30"
교선,공업수학I,01,3,이정재,목10:00-11:30
교선,공업수학I,02,3,김남준,"월10:00-11:30,금10:00-11:30"
교선,수학의세계,01,2,이정례,월09:30-11:30
교선,생활속의화학,01,2,박성호,화15:30-17:30
교선,생태계와환경,01,2,곽애경,수13:30-15:30
교선,현대인의삶과건축,01,2,전병권,화15:30-17:30
교선,유전자와생명의비밀,01,2,장종수,화13:30-15:30
교선,사물인터넷이해,01,3,김도현,
교선,임상여성학,01,3,선우재근,
교선,인물로배워보는과학,01,2,나현석,목18:25-19:15
교선,인간과건축,01,2,석진영,수09:30-11:30
교선,논리로배우는인공지능,01,2,곽태근,수13:30-15:30
교선,영화의이해,01,2,최수지,수09:30-11:30
교선,영화의이해,02,2,최수지,수11:30-13:30
교선,연극의이해,01,2,황연희,월13:30-15:30
교선,연극의이해,02,2,장경순,월15:30-17:30
교선,문화의수용과창조,01,2,김덕삼,화21:20-22:10
교선,미술의이해,01,2,오세권,화13:30-15:30
교선,결혼과가족,01,3,김영희,
교선,음악치료,01,2,이진이,화09:30-11:30
교선,음악치료,02,2,이진이,수11:30-13:30
교선,배드민턴,01,2,으 지,화13:30-15:30
교선,배드민턴,02,2,으 지,목09:30-11:30
교선,일본문화의이해,01,2,박선옥,목09:30-11:30
교선,미술이해표현의,01,2,오세권,금11:30-13:30
교선,미술사개론,01,2,황귀영,수11:30-13:30
교선,한국문화읽기,01,2,김지원,화11:30-13:30
교선,한국문화읽기,02,2,김지원,화13:30-15:30
교선,인간과디자인,01,2,윤여경,목11:30-13:30
교선,동양고대문화의이해,01,2,김형기,"목13:30-15:30,월09:30-11:30"
교선,동양고대문화의이해,01,2,김형기,"월09:30-11:30,목13:30-15:30"
교선,동양문화사의이해,02,2,기 더 사,월11:30-13:30
교선,동양문화사의이해,03,2,김용전,수15:30-17:30
교선,과식량의문화사음식,01,2,정동준,목13:30-15:30
교선,영화감상과비평,01,2,성지영,수13:30-15:30
교선,공연예술로의초대,01,2,김명정,목13:30-15:30
교선,종교와예술,01,2,조용기,화11:30-13:30
교선,종교와예술,02,2,조용기,목11:30-13:30
교선,문화예술교육개론,01,3,김기란,금13:30-16:30
교선,문화예술교육현장의실습이해와,01,3,황귀영,월13:30-16:30
교선,대중문화와한국역사,01,2,박윤선,월13:30-15:30
교선,대중음악과문화,01,2,김성희,월09:30-11:30
교선,대중음악과문화,02,2,김성희,화09:30-11:30
교선,영화속클래식,01,2,김성희,월11:30-13:30
교선,영화속클래식,02,2,김성희,수09:30-11:30
교선,음악과미술의만남,01,2,김성희,수11:30-13:30
교선,패션과스타일,01,2,이진이,화11:30-13:30
교선,패션과스타일,02,2,이진이,수09:30-11:30
교선,세계의문화코드이해,01,2,김성희,목09:30-11:30
교선,문화와사회현상,01,2,71스나,화11:30-13:30
교선,문화와사회현상,02,2,口 口,목11:30-13:30
교선,커피의세계문화사,01,2,정동준,화13:30-15:30
교선,KoreanCultureandTradition(E),01,2,Sarah Choi,목20:30-21:20
교선,스토리텔링과상상의글쓰기,01,2,박동근,수11:30-13:30
교선,플로어볼,01,2,김세웅,수13:30-15:30
교선,플로어볼,02,2,김세웅,수15:30-17:30
교선,도시와건축문화세계의,01,2,전병권,목13:30-15:30
교선,음악이있는삶,01,2,손영경,수09:30-11:30
교선,세계의영어와문화의이해,01,2,김한규,수15:30-17:30
교선,건강과생활,01,2,으 기,목11:30-13:30
교선,건강과생활,02,2,으 기,목13:30-15:30
교선,예술로읽는문화,01,2,손영경,화13:30-15:30
교선,예술로읽는문화,02,2,손영경,수13:30-15:30
교선,인문과예술의만남,01,2,이혜준,월15:30-17:30
교선,사회봉사l,01,1,김기홍,월15:30-17:30
교선,사회봉사l,02,1,권양이,화15:30-17:30
교선,무기제계론,01,2,한명길,목09:30-11:30
교선,무기제계론,02,2,한명길,목11:30-13:30
교선,성공하는대학생들의7가지습=,01,2,정영웅,월13:30-15:30
교선,성공하는대학생들의7가지습=,02,2,정영웅,화13:30-15:30
교선,장의적문제해결방법론,01,2,이재경,화09:30-11:30
교선,인권과NGO,01,2,정병화,수13:30-15:30
교선,K-POP음악의이해,01,2,권상희,월10:00-12:00
교선,욕망이인간의해,01,2,조용기,월11:30-13:30
교선,욕망이인간의해,02,2,조용기,수11:30-13:30
교선,한류인문학,01,2,조용기,화13:30-15:30
교선,한류인문학,02,2,조용기,목13:30-15:30
교선,비전과인생설계,01,2,조미영,수09:30-11:30
교선,비전과인생설계,02,2,조미영,수11:30-13:30
교선,비전과인생설계,03,2,조미영,월15:30-17:30
교선,비판적사고,01,2,한지영,월11:30-13:30
교선,비판적사고,02,2,한지영,월13:30-15:30
교선,청춘의독서,01,2,이철수,월13:30-15:30
교선,첨단기술과미래산업,01,2,=丁,수13:30-15:30
교선,알면좋은한국사,01,2,박윤선,목15:30-17:30
교선,DMZ의이해,01,2,박영만!,"목13:30-15:30,화09:30-11:30"
교선,DMZ의이해,01,2,문윤경,"화09:30-11:30,목13:30-15:30"
교선,퍼스널브랜딩,02,2,최세용,화11:30-13:30
교선,퍼스널브랜딩,03,2,최세용,화13:30-15:30
교선,퍼스널브랜딩,04,2,최세용,수09:30-11:30
교선,리더십(지휘통솔),05,2,,수11:30-13:30
교선,리더십(지휘통솔),01,2,,화11:30-13:30
교선,리더십(지휘통솔),02,2,,수11:30-13:30
교선,창업과법률,01,2,최용전,금18:25-19:15
교선,"사람,문화,그리고미래",01,2,김덕삼,월21:20-22:10
교선,모두의인공지능,01,3,강태원,
교선,진로길라잡이,01,1,취업강사16,
교선,취업길라잡이,01,1,취업강사17,
교선,스포츠마케팅인사이트,01,2,임기태,수13:30-15:30
교선,인간과장소,01,2,기 더사,수13:30-15:30
교선,인간과장소,02,2,기 더사,수15:30-17:30
교선,4자산업의이해와경력관리,01,2,이대성,월09:30-11:30
교선,4자산업의이해와경력관리,02,2,이대성,월11:30-13:30
교선,4자산업의이해와경력관리,03,2,이대성,월13:30-15:30
교선,장의적기획과문제해결,02,2,조지훈,목13:30-15:30
교선,내삶을위한스토리텔러,01,2,임보연,월09:30-11:30
교선,소통심리학,01,2,신선해,월11:30-13:30
교선,소통심리학,02,2,신선해,화11:30-13:30
교선,신산업융합지식재산,01,2,김현동,금18:25-19:15
교선,직업기초능력의실제,01,2,문윤경,수13:30-15:30
교선,직무역량과비즈니스문제해결,01,2,조지훈,수11:30-13:30
교선,청년의삶과주민자치,01,2,김종래,월13:30-15:30
교선,스포츠산업리포트,01,2,으 지,화09:30-11:30
교선,스포츠산업리포트,02,2,으 지,화11:30-13:30
교선,OFFICE실무,01,2,김지연,수18:25-19:15
교선,인공지능과인터넷윤,01,2,박효진,월13:30-15:30
교선,인공지능과인터넷윤,02,2,박효진,화13:30-15:30
교선,문현정보와리터러시,01,2,나병준,목15:30-17:30
교선,생성형AI기초와활용,01,2,=丁,화09:30-11:30
교선,생성형AI기초와활용,02,2,=丁,수11:30-13:30
교선,웹프로그래밍의기초,01,2,정수경,목09:30-11:30
교선,AI기반프로그래밍입문,01,2,김지연,목15:30-17:30
교선,AI스포츠데이터분석,01,2,임기태,목11:30-13:30
교선,AI와소설감상문쓰기,01,2,정연희,목11:30-13:30
교선,AI와함께하는건강식생활설계,01,2,주신윤,목09:30-11:30
교선,디지시와털사회,01,2,김남선,목13:30-15:30
교선,인공지능법과미래사,01,2,최용전,월15:30-17:30
교선,인공지능법과미래사,02,2,최용전,수15:30-17:30
교선,인공지능의원리와사고,01,2,손방용,목13:30-15:30
교선,포스트휴먼시대의문학과AI,01,2,장해련,화13:30-15:30
교선,인공지능과함께만드는연극,01,2,안정민,금10:00-12:00
교선,AI시대의콘텐츠크리에이션,01,2,71人하 2의,수13:30-15:30
교선,AI시대의콘텐츠크리에이션,02,2,71人하 2의,수15:30-17:30
교선,비전공자를위한AI앱기획과개발,01,2,기 서 겨,목13:30-15:30
교선,비전공자를위한AI앱기획과개발,02,2,기 서 겨,목15:30-17:30
교선,생성형AI를활용한문화콘텐스제작,01,2,김연회,수13:30-15:30
교선,알기쉬운빅데이터와시각화,01,2,김지연,수15:30-17:30
교선,빅데이터분석의이해,01,2,김상오,금13:30-15:30
교선,4자산업혁디어명과미래미,01,2,황지원,월13:30-15:30
교선,비전공자를위한인공지능의이해,01,2,김선경,화15:30-17:30
교선,미래사회와휴먼테크놀로지,01,2,김영주,
교선,데이터관리와분석,01,2,김지연,화11:30-13:30
교직,교육학개론,01,2,김기홍,월11:30-13:30
교직,교육학개론,02,2,김기홍,화11:30-13:30
교직,교육사회,01,2,권양이,목15:30-17:30
교직,교육심리,01,2,권양이,목13:30-15:30
교직,학교폭력예방및학생의이해,01,2,김기홍,수15:30-17:30
교직,교육방법및교육공학,01,2,김기홍,화15:30-17:30
교직,교직실무,01,2,이정,화17:30-19:15
교직,교육과정,01,2,김기홍,목11:30-13:30
교직,교육봉사활동,01,2,김기홍,월17:30-19:15
교직,학교현장실습,01,2,김기홍,월13:30-15:30
교직,학교현장실습,02,2,김기홍,화13:30-15:30
교직,예비교원성인지교육,01,1,김기홍,수11:30-12:30
교직,디지털교육,01,2,김기홍,수13:30-15:30
일선,안보학(군사학),01,3,박종현,"월14:00-16:00,금13:30-17:30"
일선,현장실습\/,01,12,취업강사1,
일선,조직리더십(군사학),01,3,노보환,"금13:30-17:30,월14:30-16:30"
전선,초급한문,01,3,나권수,월09:30-12:30
전선,수도교화실습,01,1,자선근 4,월18:00-19:40
전선,대순종학종론,01,3,이경원,"화13:30-15:00,수13:30-15:00"
전필,종교학개론,01,2,자선근,수15:30-17:30
전필,전경통독,01,3,최치봉,
전필,수도교화실습Ⅲ,01,1,이재호 4,"수08:00-19:40,수18:00-19:40"
전선,대순문화콘텐츠제작1,01,2,김안주 8,화09:30-13:30
전선,대순작문법과논술,01,3,이경원,"화15:30-17:00,수15:30-17:00"
전선,대순종교철학,01,2,자선근,월13:30-15:30
전선,대순인문지리학,01,3,박상규,목13:30-16:30
전선,대순물질종교학,01,3,최치봉,목13:30-15:00
전선,수도교화실습Ⅴ,01,1,박상규 4,목18:00-19:40
전선,대순문화콘텐스제작Ⅲ,01,2,김안주 8,화13:30-17:30
전선,대순진리회요람강독,01,3,이7의워 OI—,"수10:00-11:30,목10:00-11:30"
전선,수도교화실습Ⅶ,01,1,이경원 4,목18:00-19:40
전선,서양종교사상사,01,3,최치봉,화10:00-11:30
전선,전경한문강독Ⅱ,01,3,박상규,
전선,대순비교종교학,01,2,자선근,목13:30-15:30
전선,해원사상과문화,01,2,이재호,수13:30-15:30
전선,기초영어회화,01,3,HILL BRIAN,"수11:30-13:00,금11:30-13:00"
전선,***영문학개론,01,3,변효저,"화14:00-15:30,목14:00-15:30"
전선,스크린영어,01,3,BH 스보,"월13:30-15:00,수15:30-17:00"
전선,스크린영어,02,3,BH 스보,"월15:30-17:00,수13:30-15:00"
전선,시사영어,01,3,배주현,"수10:00-11:30,금13:30-15:00"
전선,영어학개론,01,3,기하규,"화15:30-17:00,목15:30-17:00"
전선,영미아동문학,01,3,이희처,"화10:00-11:30,목10:00-11:30"
전선,시와영어교육,01,3,배주현,"수13:30-15:00,금10:00-11:30"
전선,영미시의이해,01,3,0늍규워 L— =,"화12:00-13:30,목12:00-13:30"
전선,실용영문법,01,3,나병모,목12:00-13:30
전선,미국명작특강,01,3,공명수,"월13:30-15:00,화13:30-15:00"
전선,세익스피어,01,3,임도 허 =,"화15:30-17:00,목15:30-17:00"
전선,영소설특강,01,3,백승봉,목20:30-21:20
전선,캡스톤디자인(영어프레젠테이션),01,3,Mark 4 Burman,"화11:30-13:00,목11:30-13:00"
전선,영어구문분석,01,3,나병모,목14:00-15:30
전선,현대영미시,01,3,0늍규워,"화14:00-15:30,목10:00-11:30"
전선,미국캐릭터산업의이해,01,3,공명수,"월10:00-11:30,화10:00-11:30"
전선,시의활용과AI윤리,01,3,역사강사1,목13:30-16:30
전선,한국사길잡이,01,3,u卜 人해,"월10:00-11:30,목10:00-11:30"
전선,***문화콘텐스입문,01,3,김 영주,수09:30-12:30
전선,링삼국지와스토리텔,01,3,김용전,"월12:00-13:30,화12:00-13:30,일12:00-13:30"
전선,봉건사회에서르네상스까,01,3,정동준,목09:30-12:30
전선,역사와문화콘한국고대의텐大,01,3,d卜 人해,"화13:30-15:00,목13:30-15:00"
전선,K컬저1:K필름과K드라마,01,3,김승남,"목13:30-15:00,일13:30-15:00"
전선,대역사와문화의한국근현콘텐大,01,3,김영완,수10:00-13:00
전선,문화원형과동양고전,01,3,71스나,"화13:30-15:00,목13:30-15:00"
전선,유럽의근대문화,01,3,정동준,화09:30-12:30
전선,유목민의삶과역사,01,3,김용전,"목12:00-13:30,월10:00-11:30"
전선,한국사스토리텔링,01,3,박윤선,
전선,콘텐츠기획및제작,01,3,역사강사1,목09:30-12:30
전선,캡스톤디자인(졸업작품제사入l人,01,3,박윤선 4,"화09:30-11:30,금09:30-11:30"
전선,역사와인물중국의,01,3,기 요처,"수10:00-11:30,목12:00-13:30"
전선,장의적발상과커뮤니케이人,01,3,조용기,"화15:30-17:00,수15:30-17:00"
전선,한국근현대문화유산탐방,01,3,김영완,수13:30-16:30
전선,***장의적문예콘텐스의세계(입문),01,3,시조고 I—OI—,"화15:30-17:00,목15:30-17:00"
전선,문화콘텐스로읽는한국문하,01,3,시재의,"화13:30-15:00,목13:30-15:00"
전선,스토리텔링의기초,01,3,人l조고 L— L—,"화10:00-11:30,목10:00-11:30"
전선,시쓰기와감성개발,01,3,강은진,수13:30-16:30
전선,소설쓰기의이해와기초,01,3,장해려,"수11:30-13:00,목10:00-11:30"
전선,근대문제작가와서사전략,01,3,장해련,"화10:00-11:30,수10:00-11:30"
전선,신화와문화적상상력,01,3,문예강사1,월09:30-12:30
전선,광고언어연구,01,3,문예강사1,"수13:30-15:00,목13:30-15:00"
전선,소설장작세미나,01,3,장해련,금09:30-12:30
전선,시나리오장작연습심화,01,3,신종곤,월13:30-16:30
전선,희곡장작연습,01,3,人l조고 L— L—,"화11:30-13:00,목11:30-13:00"
전선,문학과상호텍스트성,01,3,문예강사1,"화10:00-11:30,수10:00-11:30"
전선,웹과모바일콘텐츠의실제,01,3,박성효,화13:30-16:30
전선,아동문예장작연습,01,3,최영동,월10:00-13:00
전선,캡스톤디자인(포트폴리오제작1),01,3,장해려 4,"화11:30-13:30,목11:30-13:30"
전선,기초조형연습,01,3,4,목09:30-13:30
전선,기초조형연습,02,3,박민숙 4,금09:30-13:30
전선,***드로잉의기초,01,3,유한이 4,월09:30-13:30
전선,***드로잉의기초,02,3,정미혜 4,월13:30-17:30
전선,디지털페인팅기초,01,3,4,수13:30-17:30
전선,디지털페인팅기초,02,3,노승복 4,화09:30-13:30
전선,평면표현연습,01,3,우상희 4,화09:30-13:30
전선,현대회화,01,3,김시은 4,목13:30-17:30
전선,현대미술연귀,01,2,오세권,목11:30-13:30
전선,기초조소,01,3,백연수 4,수09:30-13:30
전선,디지털표현기법,01,3,허혁준 4,월09:30-13:30
전선,장작평면실기,01,3,우상희 4,화13:30-17:30
전선,현대미술이론,01,3,이혜원,
전선,미디어연귀,01,3,노승복 4,수09:30-13:30
전선,입제연구,01,3,박민숙 4,화09:30-13:30
전선,미술교육프로그램개발,01,2,황귀영,수13:30-15:30
전선,평면졸업작품연귀,01,3,노승복 4,목13:30-17:30
전선,입제졸업작품연귀,01,3,박민숙 4,수09:30-13:30
전선,웹툰기법,01,3,황기연 4,목09:30-13:30
전선,웹툰기법,02,3,서정화 4,목13:30-17:30
전선,게임의이해,01,2,박재형,화15:30-17:30
전선,게임의이해,02,2,박재형,화13:30-15:30
전선,웹툰컨셉디자인,01,2,4 미술강,화09:30-12:30
전선,웹툰컨셉디자인,02,2,사2 4,수13:30-16:30
전선,웹툰배경,01,3,4,월13:30-17:30
전선,웹툰배경,02,3,김태형 4,월09:30-13:30
전선,게임컨셉디자인,01,3,4,수09:30-13:30
전선,게임컨셉디자인,02,3,기 지 古 4,금09:30-13:30
전선,게임스토리텔링,01,2,박재형,화11:30-13:30
전선,캡스톤디자인(원화일러스트레이션),01,3,김현성 4,수09:30-13:30
전선,게임크리져디자인,01,3,남상수 4,금09:30-13:30
전선,웹툰장작연구,01,3,4 미술강사2,월13:30-17:30
전선,웹툰컨셉디자인심화,01,3,황기연 4,목13:30-17:30
전선,게임컨셉심화I,01,3,김진훈 4,월09:30-13:30
전선,캡스톤디자인(게임졸업작품연귀),01,3,김진훈 4,목09:30-13:30
전선,만화졸업작품연구,01,3,4 미술강사2,금09:30-13:30
전선,만화기획및제작,01,2,서정화 4,목09:30-12:30
전선,시를활용한게임포트폴리오제작1,01,2,김진훈 4,목13:30-16:30
전선,***디자인론,01,2,김현,수13:30-15:30
전선,컴퓨터그래픽,01,3,4 시각강사1,화09:30-13:30
전선,조형l,01,2,박상희 4,수09:30-12:30
전선,관찰과표현기법,01,2,4 시각강사4,목13:30-16:30
전선,디지털일러스트레이션,01,2,4 시각강사3,화13:30-16:30
전선,디지털일러스트레이션,02,2,김현 4,수09:30-12:30
전선,비주얼인포메이션디자인,01,2,4,수13:30-16:30
전선,비주얼인포메이션디자인,02,2,윤여경 4,월13:30-16:30
전선,AI프름프트디자인,01,2,4 시각강사4,목09:30-12:30
전선,디자인교과교육론,01,3,최윤의,
전선,지역기반프로모션디자인1,01,3,4 시각강사2,수13:30-17:30
전선,웹인터페이스디자인1,01,3,윤여경 4,수09:30-13:30
전선,디자인타이포그래피1,01,3,4 시각강사1,월09:30-13:30
전선,디자인l커뮤니케이션,01,2,이혜준 4,화09:30-12:30
전선,에디토리얼디자인,01,3,4 시각강사1,월13:30-17:30
전선,에디토리얼디자인,02,3,4 시각강사3,화09:30-13:30
전선,人I각디자인,01,3,4,화09:30-13:30
전선,人I각디자인,02,3,시각강사5 4,화13:30-17:30
전선,人I각디자인,03,3,이혜준 4,화13:30-17:30
전선,취장업세미나(시각디자인),01,3,윤여경,목13:30-16:30
전선,디자인교과교재연구및지도법,01,3,최윤의,월09:30-12:30
전선,패기지디자인I,01,3,4 시각강사2,월09:30-13:30
전선,패기지디자인I,02,3,4 시각강사2,수09:30-13:30
전선,패기지디자인I,03,3,박상희 4,수13:30-17:30
전선,인터렉티브디자인,01,3,4,화13:30-17:30
전선,인터렉티브디자인,02,3,4 윤여경,화09:30-13:30
전선,인터렉티브디자인,03,3,4,월09:30-13:30
전선,컴퓨터디자인론,01,3,홍경민 4,화09:30-13:30
전선,***디자인는리와이해,01,2,최성운 4,월09:30-12:30
전선,CAD디자인론,01,2,박찬훈 4,수13:30-16:30
전선,기초조형디자인,01,3,장소연,목13:30-16:30
전선,기초제품디자인,01,3,4,화09:30-13:30
전선,기초제품디자인,02,3,최성운 4,화13:30-17:30
전선,기초공간디자인,01,3,송규호 4,목13:30-17:30
전선,제품컴퓨터모델링l,01,3,4,수09:30-13:30
전선,제품컴퓨터모델링l,02,3,홍경민 4,수13:30-17:30
전선,공간디지털모델링,01,2,최현철 4,목09:30-12:30
전선,프러덕트디자인,01,3,최성운 4,수09:30-13:30
전선,U)(전시디자인,01,3,4,화13:30-17:30
전선,U)(전시디자인,02,3,송규호 4,화09:30-13:30
전선,VMD공간디자인,01,3,4,화09:30-13:30
전선,VMD공간디자인,02,3,김미숙 4,화13:30-17:30
전선,캡스톤디자인(산학협동디자인),01,3,홍경민 4,월09:30-13:30
전선,제품디자인실뮈,01,3,최성운 4,수13:30-17:30
전선,공간연출디자인실뮈,01,3,김미숙 4,월09:30-13:30
전선,U)(환경디자인실무,01,3,송규호 4,수09:30-13:30
전선,라이프제품디자인실무,01,3,홍경민 4,월13:30-17:30
전선,영화개론,01,3,최수지,"월09:30-11:00,화09:30-11:00,일09:30-11:00"
전선,***영상콘텐스의이해,01,2,김수열 4,목13:30-16:30
전선,영상솰영기초,01,2,윤장호 4,수14:30-17:30
전선,시나리오작법,01,2,문정미 4,화13:30-16:30
전선,1인미디어제작실습,01,2,4,목11:30-14:30
전선,1인미디어제작실습,02,2,윤장호 4,목14:30-17:30
전선,한국영화사,01,3,최수지,목14:30-17:30
전선,디지털편집,01,3,신재준 4,화13:30-17:30
전선,미술의영화이해,01,2,윤장호 4,월14:30-17:30
전선,영상좔영실무,01,3,윤장호 4,월09:30-13:30
전선,포스트프로덕션제작실습,01,3,4,화09:30-13:30
전선,포스트프로덕션제작실습,02,3,성지영 4,목09:30-13:30
전필,디지털영상제작실습,01,2,4,수09:30-12:30
전필,디지털영상제작실습,02,2,으 7 入 丁 “ 4,수13:30-16:30
전필,캡스톤디자인(영화제작실습I),01,3,성지영 4,수09:30-13:30
전필,캡스톤디자인(영화제작실습I),02,3,윤장호 4,수09:30-13:30
전선,영화작가의이해,01,3,최수지,"월11:30-13:30,화12:30-13:30"
전선,캡스톤디자인(영상콘텐스산업의이해),01,2,최수지 4,월14:30-17:30
전선,컬러그레이딩제작실습,01,2,신재준 4,화09:30-12:30
전선,장르와스타일분석,01,2,김수열 4,목09:30-12:30
전선,취장업세미나(영화영상),01,3,한우정 4,목13:30-17:30
전선,캡스톤디자인(영화제작실습lll),01,3,한우정 4,화13:30-17:30
전선,캡스톤디자인(영화제작실습Ⅲ),02,3,한우정 4,수13:30-17:30
전선,영화기획,01,2,김 명주 4,월09:30-12:30
전선,연기.연출실습I,01,2,황연희 4,목13:30-16:30
전선,연기.연출실습I,02,2,장경순 4,목13:30-16:30
전선,음성훈련I,01,2,4 연극강사1,수09:30-12:30
전선,공연스텝실습기초I,01,3,장경순 4,금09:30-13:30
전선,공연제작융합과정,01,2,안대천 4,화12:30-15:30
전선,신제훈련,01,2,오광욱 4,월13:30-16:30
전필,***인공지능시대의연극개,01,3,안정민,"화10:00-11:30,수13:00-14:30"
전필,화술1,01,2,4,화11:30-14:30
전필,화술1,02,2,황연희 4,수10:00-13:00
전필,공연제작Ⅱ,01,2,4,월09:30-12:30
전필,공연제작Ⅱ,02,2,권영호 4,수14:00-17:00
전선,카메라연기,01,2,김명화 4,금13:30-16:30
전선,가장,01,3,4,목09:30-13:30
전선,가장,02,3,2의 소 五 4,목13:30-17:30
전선,연극교육론,01,3,김기란,금09:30-12:30
전선,공연제작융합과정Ⅱ,01,3,정태진,화15:30-18:25
전선,발레,01,2,김진선 4,화14:30-17:30
전선,서양연극사,01,2,안정민,목13:30-15:30
전선,연극영화교과교육론,01,3,김기란,수14:30-17:30
전선,공연제작융합과정Ⅳ,01,2,임은주 4,월10:00-13:00
전선,캡스톤디자인(공연제작Ⅳ),01,3,4,화14:30-18:25
전선,캡스톤디자인(공연제작Ⅳ),02,3,안정 민 4,금13:30-17:30
전선,연기심화과정,01,2,박윤희 4,목09:30-12:30
전필,공연과영상실습,01,2,장경순 4,수13:30-16:30
전선,연극교육프로그램개발,01,2,김명정 4,목10:30-13:30
전선,취창업세미나(연기),01,3,장경순 4,월10:30-14:30
전필,"전공실기기초(보컬,송라이팅′미디작곡)1",01,1,2,금09:30-10:30
전필,"전공실기기초(보컬,송라이팅′미디작곡)1",02,1,2,금10:30-11:30
전필,"전공실기기초(보컬,송라이팅′미디작곡)1",03,1,2,금11:30-12:30
전필,"전공실기기초(보컬,송라이팅′미디작곡)1",04,1,2,금12:30-13:30
전필,"전공실기기초(보컬,송라이팅′미디작곡)1",05,1,2 실용강사1,금13:30-14:30
전필,"전공실기기초(보컬,송라이팅′미디작곡)1",06,1,2,금14:30-15:30
전필,"전공실기기초(보컬,송라이팅′미디작곡)1",07,1,2,목09:30-10:30
전필,"전공실기기초(보컬,송라이팅′미디작곡)1",08,1,2,목10:30-11:30
전필,"전공실기기초(보컬,송라이팅′미디작곡)1",09,1,2,목11:30-12:30
전필,"전공실기기초(보컬,송라이팅′미디작곡)1",10,1,2,금09:30-10:30
전필,"전공실기기초(보컬,송라이팅′미디작곡)1",11,1,2,금10:30-11:30
전필,"전공실기기초(보컬,송라이팅′미디작곡)1",12,1,2,금11:30-12:30
전필,"전공실기기초(보컬,송라이팅′미디작곡)1",13,1,2,금12:30-13:30
전필,"전공실기기초(보컬,송라이팅′미디작곡)1",14,1,2 실용강사2,금13:30-14:30
전필,"전공실기기초(보컬,송라이팅′미디작곡)1",15,1,2,금14:30-15:30
전필,"전공실기기초(보컬,송라이팅′미디작곡)1",16,1,2,목09:30-10:30
전필,"전공실기기초(보컬,송라이팅′미디작곡)1",17,1,2,목10:30-11:30
전선,컴퓨터음악기초1,18,1,2,목11:30-12:30
전선,컴퓨터음악기초1,19,1,2,금09:30-10:30
전선,컴퓨터음악기초1,20,1,2,금10:30-11:30
전선,컴퓨터음악기초1,21,1,실용강사3 2,금11:30-12:30
전선,컴퓨터음악기초1,22,1,2,금12:30-13:30
전선,컴퓨터음악기초1,01,2,김진하 2,수11:30-13:30
전선,방송댄스1,01,2,4,화12:30-14:30
전선,방송댄스1,02,2,김지영 4,화14:30-16:30
전선,퍼포먼스워크샵1,01,2,권상희 4,목10:30-12:30
전선,세션앙상블1,01,2,노승현 2,월14:30-16:30
전선,세션앙상블1,02,2,마준호 2,월14:30-16:30
전선,발성과딕션1,01,2,박봄 4,목12:30-14:30
전선,***화성과실용음악이론기大,01,3,권상희 2 전공입문,화14:30-17:30
전선,***화성과실용음악이론기大,01,1,"이수 시, 2",수11:30-12:30
전선,***화성과실용음악이론기大,02,1,2,수12:30-13:30
전선,***화성과실용음악이론기大,03,1,권상희 2,수13:30-14:30
전필,"전공실기심화(보컬,송라이팅′미디작곡)1",04,1,2,수14:30-15:30
전필,"전공실기심화(보컬,송라이팅′미디작곡)1",05,1,2,수11:30-12:30
전필,"전공실기심화(보컬,송라이팅′미디작곡)1",06,1,2 B卜口l入 丁 =,수12:30-13:30
전필,"전공실기심화(보컬,송라이팅′미디작곡)1",07,1,2,수13:30-14:30
전필,"전공실기심화(보컬,송라이팅′미디작곡)1",08,1,2 실용강사3,월13:30-14:30
전필,"전공실기심화(보컬,송라이팅′미디작곡)1",09,1,주형우 2,화12:30-13:30
전필,"전공실기심화(보컬,송라이팅′미디작곡)1",10,1,2,월11:30-12:30
전필,"전공실기심화(보컬,송라이팅′미디작곡)1",11,1,김여진 2,월14:30-15:30
전필,"전공실기심화(보컬,송라이팅′미디작곡)1",12,1,전시인 2,목14:30-15:30
전필,"전공실기심화(보컬,송라이팅′미디작곡)1",13,1,박봄 2,목14:30-15:30
전필,"전공실기심화(보컬,송라이팅′미디작곡)1",14,1,2,목10:30-11:30
전필,"전공실기심화(보컬,송라이팅′미디작곡)1",15,1,이길상 2,목11:30-12:30
전필,"전공실기심화(보컬,송라이팅′미디작곡)1",16,1,이길상 2,목16:30-17:30
전필,"전공실기심화(보컬,송라이팅′미디작곡)1",17,1,2,금11:30-12:30
전필,"전공실기심화(보컬,송라이팅′미디작곡)1",18,1,2 김찬오,금13:30-14:30
전필,"전공실기심화(보컬,송라이팅′미디작곡)1",19,1,2,금14:30-15:30
전필,"전공실기심화(보컬,송라이팅′미디작곡)1",20,1,주형우 2,화18:25-19:15
전필,"전공실기심화(보컬,송라이팅′미디작곡)1",21,1,2,월09:30-10:30
전필,"전공실기심화(보컬,송라이팅′미디작곡)1",22,1,2,월10:30-11:30
전선,실용음악화성학1,23,1,2,월11:30-12:30
전선,실용음악화성학1,24,1,2,월12:30-13:30
전선,실용음악화성학1,01,2,김현지,수11:30-13:30
전선,컴퓨터음악응용1,01,2,김진하 2,수09:30-11:30
전선,퍼포먼스워크샵3,01,2,권상희 4,화10:30-12:30
전선,세션앙상블3,01,2,노승현 2,월12:30-14:30
전선,세션앙상블3,02,2,마준호 2,월12:30-14:30
전선,앙상블,01,2,이길상 4,목12:30-14:30
전선,생성형AI송라이팅1,01,2,유영하 2,화13:30-15:30
전선,생성형AI송라이팅1,01,1,2,화15:30-16:30
전선,생성형AI송라이팅1,02,1,2,화16:30-17:30
전필,"전공실기심화(보컬,송라이팅,미디작곡)3",03,1,2,화17:30-18:25
전필,"전공실기심화(보컬,송라이팅,미디작곡)3",04,1,박민주 2,수14:30-15:30
전필,"전공실기심화(보컬,송라이팅,미디작곡)3",05,1,2,목10:30-11:30
전필,"전공실기심화(보컬,송라이팅,미디작곡)3",06,1,2,목11:30-12:30
전필,"전공실기심화(보컬,송라이팅,미디작곡)3",07,1,조경란 2,목12:30-13:30
전필,"전공실기심화(보컬,송라이팅′미디작곡)3",08,1,조경란 2,목13:30-14:30
전필,"전공실기심화(보컬,송라이팅′미디작곡)3",09,1,김찬오 2,금10:30-11:30
전필,"전공실기심화(보컬,송라이팅′미디작곡)3",10,1,2,월09:30-10:30
전필,"전공실기심화(보컬,송라이팅′미디작곡)3",11,1,2,월10:30-11:30
전필,"전공실기심화(보컬,송라이팅′미디작곡)3",12,1,2,월11:30-12:30
전필,"전공실기심화(보컬,송라이팅′미디작곡)3",13,1,2,월12:30-13:30
전필,"전공실기심화(보컬,송라이팅′미디작곡)3",14,1,실용강사4 2,월13:30-14:30
전필,"전공실기심화(보컬,송라이팅′미디작곡)3",15,1,2,월14:30-15:30
전선,스튜디오프로듀싱1,16,1,2,월15:30-16:30
전선,스튜디오프로듀싱1,17,1,2,월16:30-17:30
전선,스튜디오프로듀싱1,01,2,유영하 4,화10:30-12:30
전선,대중음악사1,01,2,김현지,수09:30-11:30
전선,관현악편곡법1,01,1,김진하 2,수13:30-14:30
전선,앙상블Ⅲ,01,2,이길상 4,목14:30-16:30
전선,퍼포먼스워크샵5,01,2,권상희 4,화12:30-14:30
전선,미디어콘텐스제작기초,01,3,마준호 4,월09:30-12:30
전선,스튜디오프로듀싱응용1,01,2,유영하 4,화15:30-17:30
전선,스튜디오프로듀싱응용1,01,1,2,월12:30-13:30
전선,"전공실기심화(보컬,송라이팅′미디작곡)5",02,1,2,월15:30-16:30
전선,"전공실기심화(보컬,송라이팅′미디작곡)5",03,1,2,화13:30-14:30
전선,"전공실기심화(보컬,송라이팅′미디작곡)5",04,1,入右의 丁 丁 2,화14:30-15:30
전선,"전공실기심화(보컬,송라이팅′미디작곡)5",05,1,박민주 2,
전선,"전공실기심화(보컬,송라이팅′미디작곡)5",06,1,전시인 2,목15:30-16:30
전선,"전공실기심화(보컬,송라이팅′미디작곡)5",07,1,전시인 2,목16:30-17:30
전선,"전공실기심화(보컬,송라이팅′미디작곡)5",08,1,박봄 2,목15:30-16:30
전선,"전공실기심화(보컬,송라이팅′미디작곡)5",09,1,2,화09:30-10:30
전선,"전공실기심화(보컬,송라이팅′미디작곡)5",10,1,2,화10:30-11:30
전선,"전공실기심화(보컬,송라이팅′미디작곡)5",11,1,2,화11:30-12:30
전선,"전공실기심화(보컬,송라이팅′미디작곡)5",12,1,2,화12:30-13:30
전선,"전공실기심화(보컬,송라이팅′미디작곡)5",13,1,2 실용강사5,화13:30-14:30
전선,"전공실기심화(보컬,송라이팅′미디작곡)5",14,1,2,화14:30-15:30
전선,"전공실기심화(보컬,송라이팅′미디작곡)5",15,1,2,화15:30-16:30
전선,퍼포먼스워크샵7,16,1,2,화16:30-17:30
전선,퍼포먼스워크샵7,17,1,2,화17:30-18:25
전선,퍼포먼스워크샵7,01,2,권상희 4,목12:30-14:30
전선,캡스톤디자인(졸업연주워크샵1),01,2,권상희 4,월13:30-15:30
전선,한국문화교육론(3영역),01,3,김연회,화09:30-12:30
전선,현대시의이론과실제,01,3,전철희,화09:30-12:30
전선,한국어문법교육론(3영역),01,3,기여희,"화15:00-16:30,목11:00-12:30"
전선,외국어로서의한국어교육실습(5영역),01,3,공하림,수13:00-16:00
전선,한국어평가론(3영역),01,3,기여희,"화13:30-15:00,목09:30-11:00"
전선,경제학원론,01,3,조윤기,"화14:00-15:30,수11:30-13:00"
전선,경제학원론,02,3,조윤기,"수14:00-15:30,목14:00-15:30"
전선,***경제학입문,01,3,조윤기,"월14:00-15:30,화14:00-15:30,수11:30-13:00,목15:30-17:00"
전선,개인재무설계),01,3,신영철,화17:00-18:00
전선,미시경제학,01,3,신영철,"목10:00-11:30,화17:00-18:00"
전선,거시경제학,01,3,현성민,월14:30-17:30
전선,기업회계,01,3,이의경,"목14:30-17:30,화11:30-13:00"
전선,경제의글로벌이해,01,3,권선희,수11:30-13:00
전선,경제의글로벌이해,02,3,권선희,목17:30-18:25
전선,화페금융,01,3,현성민,수14:30-17:30
전선,산업경제,01,3,조윤기,"화11:30-13:00,목11:30-13:00"
전선,국제경제,01,3,궈서희,"화10:00-11:30,목10:00-11:30"
전선,캡스톤디자인(글로벌경제현상분석),01,3,권선희 4,수13:30-17:30
전선,전략적사고,01,3,권선희,목10:00-11:30
전필,경영통계학,01,3,경영강사3,"수11:30-13:00,목11:30-13:00"
전필,경영통계학,02,3,김신중,화13:30-16:30
전선,***경영학원론,01,3,기 저 人I,"목14:00-15:30,수15:30-17:00"
전선,재무회계,01,3,사人d 지,"화10:00-11:30,목10:00-11:30"
전선,재무회계,02,3,사人d 지 L—,"화11:30-13:00,목11:30-13:00,화14:00-15:30"
전선,마케팅관리,01,3,경영강사2,목14:00-15:30
전선,마케팅관리,02,3,경영강사2,"화15:30-17:00,목15:30-17:00"
전선,마케팅관리,03,3,손준상,"월11:30-13:00,화11:30-13:00"
전선,조직행동론,01,3,71X-l人I,"수14:00-15:30,월14:00-15:30"
전선,조직행동론,02,3,71X-l人I,금20:30-21:20
전선,계량의사결정론,01,3,경영강사3,"월10:00-11:30,수10:00-11:30,월11:30-13:00"
전선,e-비즈니스,01,3,人d 여 크,수11:30-13:00
전선,e-비즈니스,02,3,人d 여 크 TT,금10:30-13:30
전선,e-비즈니스,03,3,TT,월17:30-18:25
전선,증권투자론,01,3,경영강사1,"화11:30-13:00,목11:30-13:00"
전선,증권투자론,02,3,경영강사1,"월15:30-17:00,수15:30-17:00"
전선,증권투자론,03,3,이의경,수09:30-12:30
전선,원가.관리회계,01,3,사人:•l 지,"월11:30-13:00,수11:30-13:00"
전선,원가.관리회계,02,3,사人:•l 지,금17:30-18:25
전선,서비스운영관리,01,3,경영강사3,"월14:00-15:30,화14:00-15:30"
전선,서비스운영관리,02,3,김신중,화09:30-12:30
전선,소비자행동론,01,3,경영강사2,"월11:30-13:00,수11:30-13:00"
전선,소비자행동론,02,3,사 人 入 亡=,"화14:00-15:30,월14:00-15:30"
전선,경영분석,01,3,경영강사1,"화14:00-15:30,목14:00-15:30"
전선,경영분석,02,3,이의경,수14:30-17:30
전선,경영전략론,01,3,71X-l人I,"월15:30-17:00,목15:30-17:00"
전선,경영전략론,02,3,71X-l人I,화19:15-20:05
전선,취장업세미나(경영),01,3,김정식,금13:30-16:30
전선,비즈니스애널리틱스,01,3,人d 여 7¯r,목11:30-13:00
전선,비즈니스영어,01,3,맹철규,"화10:00-11:30,수10:00-11:30"
전선,비즈니스영어,02,3,맹철규,목19:40-20:30
전선,***국제통상학의이해,01,3,고재길,"월11:30-13:00,목11:30-13:00"
전필,국제통상실뮈,01,3,손상기,"화11:30-13:00,수11:30-13:00"
전필,국제통상실뮈,02,3,손상기,
전선,국제금융론,01,3,고재길,"월10:00-11:30,화10:00-11:30"
전선,국제금융론,02,3,고재길,목18:25-19:15
전선,무역관련기본법규,01,3,오진 호,화13:30-15:00
전선,글로벌e-Business,01,3,고형일,수13:30-16:30
전선,대금결제론,01,3,소사기,"월11:30-13:00,목11:30-13:00"
전선,국제운송론,01,3,오지 호,"수11:30-13:00,목14:00-15:30"
전선,디지털무역론,01,3,오진 호,"화15:30-17:00,수14:00-15:30"
전선,무역과통상정책,01,3,고재길,"수10:00-11:30,목10:00-11:30"
전선,신용장클레임사례,01,3,손상기,화10:00-11:30
전선,동북아통상론,01,3,고재길,"화11:30-13:00,수10:00-11:30"
전선,국제경영전략,01,3,손상기,목10:00-11:30
전선,국제경영전략,02,3,손상기,금19:40-20:30
전선,취장업세미나(국통),01,3,정필성 4,화13:30-17:30
전선,국제유통세미나,01,3,오지 호,"월11:30-13:00,목11:30-13:00"
전선,"캡스톤디자인(무역,e-Business)",01,3,고재길 4,수13:30-17:30
전선,경제분석원론,01,3,大l°사,"화14:00-15:30,목14:00-15:30"
전선,문화와정치,01,3,노병렬,목13:30-15:00
전선,***국제지역학의입문,01,3,노병렬,목15:30-17:00
전선,영어회화기초,01,3,Sarah,"수10:00-11:30,목10:00-11:30"
전선,영어회화기초,02,3,Choi,"수11:30-13:00,목11:30-13:00"
전필,동아시아세계와일본,01,3,최석완,"일11:30-13:00,화11:30-13:00"
전필,글로벌경제,01,3,최 0사,"수15:30-17:00,목15:30-17:00"
전필,세계화의이슈와쟁점,01,3,노병렬,화11:30-14:30
전선,동아시아비교문화론,01,3,최석완,"화15:30-17:00,목13:30-15:00"
전선,초급일어회화,01,3,타가쿠사기,금13:30-15:00
전선,초급일어회화,02,3,최석완,화10:00-11:30
전선,고급일어회화,01,3,타카쿠사기,"목11:30-13:00,금11:30-13:00"
전선,국제정치경제와글로벌거버넌스,01,3,노병렬,"목11:30-13:00,월11:30-13:00"
전선,글로벌산업구조및무역정채,01,3,최윤상,
전선,일본문학세미나,01,3,타가쿠사기,"월13:30-15:00,화13:30-15:00"
전선,비즈니스일본에,01,3,타카쿠사기 미나,"월11:30-13:00,화11:30-13:00"
전선,일본학세미나1,01,3,칙서와,"수10:00-11:30,목10:00-11:30"
전선,기초중국어회화1,01,3,최금단,"화14:00-15:30,수10:00-11:30"
전선,기초중국어회화1,02,3,최금단,"수11:30-13:00,목10:00-11:30"
전선,기초중국어회화1,03,3,최금단,화15:30-18:25
전선,***중국지역학입문,01,3,조대원,월20:30-21:20
전선,초급중국어1,01,3,여문리,목11:30-14:30
전선,초급중국어1,02,3,여문리,목15:30-18:25
전선,중급중국어1,01,3,B卜사리,"수10:00-11:30,목10:00-11:30"
전선,중급중국어1,02,3,B卜사리,"수14:00-15:30,목14:00-15:30"
전선,한중무역실무,01,3,조대원,화20:30-21:20
전선,한중무역실무,02,3,박정수,금10:00-13:00
전선,중국문학개론,01,3,권인영,목13:30-16:30
전선,중급중국어회화1,01,3,H卜사리,
전선,중급중국어회화1,02,3,H卜사리,"수11:30-13:00,목11:30-13:00"
전선,중급중국어회화1,03,3,최금단,수13:00-16:00
전선,외국어교과교육론,01,3,조미영,수15:30-18:25
전선,및는술외국어교과논리,01,3,조미영,목15:30-18:25
전선,미디어중국어,01,3,권인영,목10:30-13:30
전선,중국기업분석,01,3,조대우! =,"수04:00-15:30,목14:00-15:30,수14:00-15:30"
전선,중국기업분석,02,3,박정수,금13:30-16:30
전선,중국어작문1,01,3,,수10:30-13:30
전선,중국어작문1,02,3,,수15:30-18:25
전선,고급HSK연습,01,3,장전,목11:30-14:30
전선,취장업세미나(중국학),01,3,조대원,수15:30-18:25
전선,고급중국어,01,3,장처,목15:30-18:25
전선,중국CEO연구,01,3,조대원,월14:00-15:30
전선,중국CEO연구,02,3,박상림,월10:00-13:00
전필,미국사상,01,3,정 임재,수15:30-18:25
전선,미국정부,01,3,정 임재,수11:30-14:30
전선,미국산업구조,01,3,최윤상,화15:30-18:25
전필,헌법l,01,3,7침도,목09:30-12:30
전필,헌법l,02,3,7침도,목21:20-22:10
전선,***법학입문,01,3,최용전,"월13:30-15:00,목13:30-15:00"
전선,***법학입문,02,3,최용전,목10:00-13:00
전선,형법종론,01,3,최대호,"화11:30-13:00,수11:30-13:00,목11:30-13:00"
전선,물권법,01,3,이종덕,금11:30-13:00
전선,물권법,02,3,이종덕,수15:30-18:25
전선,행정법종론,01,3,최용전,"월10:00-11:30,수10:00-11:30"
전선,행정법종론,02,3,최용전,금19:15-20:05
전선,헌법재판과판례,01,3,장욱,목13:30-16:30
전선,헌법재판과판례,02,3,김도협,금10:00-13:00
전선,LEET연습,01,3,최대호,"화15:30-17:00,수15:30-17:00,목10:00-11:30"
전선,상법,01,3,이종덕,금10:00-11:30
전선,상법,02,3,이종덕,목16:30-19:15
전선,공직선거법,01,3,김도 협,목13:30-16:30
전선,가족정책법,01,3,전영성,"월11:30-13:00,화11:30-13:00"
전선,민사소송법실뮈,01,3,김명엽 4,"수13:30-17:30,월10:00-11:30"
전선,형사소송법I,01,3,최대호,화10:00-11:30
전선,형사소송법I,02,3,최대호,월13:30-16:30
전선,AI시대의노동법,01,3,이종덕 4,목10:00-11:30
전선,부동산법Ⅱ,01,3,장욱,목09:30-12:30
전선,실용행정법,01,3,大l요저,"수11:30-13:00,목15:30-17:00"
전선,실용형법,01,3,최대호,"월11:30-13:00,수13:30-15:00,목13:30-15:00"
전필,행정학원론,01,3,호 人r•1 丁,"월11:30-13:00,목11:30-13:00"
전선,***기초행정학,01,3,고대유,"수15:30-17:00,목15:30-17:00"
전선,행정과컴퓨터프로그래밍,01,3,행정강사1,"월13:30-15:00,목13:30-15:00"
전선,행정조사방법론,01,3,고대유,"화13:30-15:00,금11:30-13:00"
전선,정책학,01,3,김종래,월09:30-12:30
전선,행정조직관리론,01,3,행정강사2,"화10:00-11:30,금10:00-11:30"
전선,공공데이터베이스관리론,01,3,행정강사1,"목15:30-17:00,금13:30-15:00"
전선,NCS기반취업설계,01,3,호人:-1 丁,"월13:30-15:00,목13:30-15:00"
전선,지방재정론,01,3,행정강사2,"월10:00-11:30,수10:00-11:30"
전선,캡스톤디자인(지역발전),01,3,홍성우 4,화11:30-15:30
전선,전산회계실무,01,3,고대유,"수13:30-15:00,목13:30-15:00"
전선,행정법개론,01,3,이진규,수15:00-18:00
전선,공기업론,01,3,행정강사2,"월13:30-15:00,수13:30-15:00,토13:00-16:00"
전선,AI행정실무,01,3,행정강사1,"월10:00-11:30,수10:00-11:30"
전선,행정공공이론,01,3,행정강사4,화14:30-17:30
전선,빅데이터시각화,01,3,행정강사1,"월15:30-17:00,수15:30-17:00"
전선,***사회복지학개론,01,3,안치민人,"화13:30-15:00,목13:30-15:00"
전선,문화다양성과사회복지,01,3,사회강사1,"화11:30-13:00,금11:30-13:00"
전선,사회복지현장의탐색,01,3,배종필 4,"목13:30-17:30,화11:30-13:00"
전선,가족복지론,01,3,김소희,목11:30-13:00
전선,가족복지론,02,3,김소희,"화14:00-15:30,목14:00-15:30"
전선,장애인복지론,01,3,배- 피 入,"목10:00-11:30,월10:00-11:30,수20:30-23:00"
전선,장애인복지론,02,3,사회강사1,"목11:30-13:00,금10:00-11:30"
전선,사회복지조사론,01,3,사회강사2,수11:30-13:00
전선,사회복지조사론,02,3,사회강사2,"화10:00-11:30,수14:00-15:30"
전선,법제와실천사회복지,01,3,사회강사2,"월11:30-13:00,금11:30-13:00"
전선,법제와실천사회복지,02,3,사회강사2,"수10:00-11:30,금14:00-15:30"
전선,사회복지실전기술론,01,3,이수비,"화12:00-13:30,수10:00-11:30"
전선,사회복지실전기술론,02,3,이수비,"화13:30-15:00,목10:00-11:30"
전선,사회복지정책론,01,3,안치민,"화15:30-17:00,목13:30-15:00,토09:30-12:30"
전선,사회복지정책론,02,3,안치민,"수15:30-17:00,목15:30-17:00"
전선,프로그램개발과평가,01,3,김소희,"월11:30-13:00,수11:30-13:00"
전선,프로그램개발과평가,02,3,김소희,"수14:00-15:30,월14:00-15:30"
전선,학교사회복지론,01,3,정명희,화10:30-13:30
전선,사회복지현장실습II,01,3,배종필 4,월13:30-17:30
전선,사례관리론,01,3,정명희 4,화13:30-17:30
전선,반사회문제해결과복시기지실무,01,3,4,수11:30-15:30
전선,반사회문제해결과복시기지실무,02,3,이수비 4,목11:30-15:30
전선,정신건강사회복지론,01,3,이수비,금10:30-13:30
전선,보육학개론,01,3,박영아,"화12:00-13:30,수13:30-15:00,일12:00-13:30"
전선,***영유아발달,01,3,기여희,목11:30-13:00
전선,***영유아발달,02,3,손지향,금10:00-13:00
전선,건강가정론,01,3,최경,수20:30-23:00
전선,아동미술,01,3,박영아,목12:30-15:30
전선,아동미술,02,3,김형연,화10:00-13:00
전선,보육과정,01,3,최경,"화10:00-11:30,금11:30-13:00"
전선,아동관찰및행동연구,01,3,이혜원,목10:00-11:30
전선,아동관찰및행동연구,02,3,손지향,금13:30-16:30
전선,놀이지도,01,3,기여희,"화13:30-15:00,목10:00-11:30"
전선,아동동작,01,3,박영아,"화10:00-11:30,금10:00-11:30"
전선,아동수학지도,01,3,최경,목09:30-12:30
전선,아동수학지도,02,3,김형연,화13:30-16:30
전선,영유아교수방법론,01,3,이혜원,"화12:00-13:30,월10:00-11:30"
전선,영유아교수방법론,02,3,신지현,목14:30-17:30
전선,부모교육론,01,3,김영희,수11:30-14:30
전선,보육실습,01,3,이혜원,금10:30-13:30
전선,휴먼커뮤니케이션,01,3,人해 人 入 =丁L-,"월13:30-15:00,목11:30-13:00,화13:30-15:00"
전선,미디어의이해,01,3,이용준,목13:30-15:00
전선,미디어의이해,02,3,이용준,"화15:30-17:00,목15:30-17:00"
전선,미디어커뮤니케이션입***曰,01,3,황지원,"월11:30-13:00,목11:30-13:00"
전선,출판과전자책,01,3,이용준,
전선,비주얼커뮤니케이션제작,01,3,이예지 4,"월09:30-13:30,수13:30-16:30"
전선,비주얼커뮤니케이션제작,01,3,김태양,"수13:30-16:30,월09:30-13:30"
전선,PR로,02,3,황지원,"목10:00-11:30,일15:30-17:00"
전선,PR로,03,3,김태양,수20:30-21:20
전선,스포츠와데이터저널리즘의이해,01,3,이정훈,
전필,영상제작프로젝트,01,3,4,화09:30-13:30
전필,영상제작프로젝트,02,3,김연성 4,화13:30-17:30
전필,미디어조사방법론,01,3,이정훈,"수11:30-13:00,목11:30-13:00"
전필,미디어조사방법론,02,3,이정훈,"수14:00-15:30,금12:00-13:30"
전선,광고전략기획,01,3,조재허,"월10:00-11:30,화10:00-11:30"
전선,광고전략기획,02,3,조재허 =,"월13:30-15:00,화13:30-15:00"
전선,모바일콘텐스제작,01,3,이예지 4,월11:30-13:00
전선,문화콘텐스,01,3,入人서,목13:30-15:00
전선,문화콘텐스,02,3,入人서,"화11:30-13:00,금10:00-11:30"
전선,광고와사회,01,3,조재허 =,"수10:00-11:30,목10:00-11:30"
전선,광고홍보실습,01,3,조재현 4,수13:30-17:30
전선,창업(미나디어커뮤세미쥐니케이션),01,3,김태양,목13:30-16:30
전선,***문현정보학개론,01,3,장인호,수13:30-16:30
전선,고전자료의이해,01,3,曰허 IT丁 =,"화12:00-13:30,목09:30-11:00"
전선,지식정보사회론,01,3,문현강사1,월14:30-17:30
전필,학교도서관경영의이해,01,3,심효入*,"수11:30-13:00,목13:30-15:00,월14:00-15:30"
전필,문현분류론,01,3,허 人,화15:30-17:00
전필,문현분류론,02,3,허 人 丁 =,"월15:30-17:00,화14:00-15:30"
전선,서지학(문현학)개론,01,3,유부현,"월12:00-13:30,금09:30-11:00"
전선,데이터사이언스의이해,01,3,소미서,"화10:00-11:30,목13:30-15:00"
전선,도서관정보센터경영이론,01,3,최지영,수09:30-12:30
전선,고서감정법,01,3,-IT-FI¯,"월09:30-11:00,화09:30-11:00"
전선,자료조직연습,01,3,최지영,수13:30-16:30
전선,데이터큐레이션,01,3,소미서 L— L—,"월11:30-13:00,수11:30-13:00"
전선,도서관정보센터경영실무,01,3,심효정,"화13:30-15:00,금10:00-11:30"
전선,도서관실습,01,3,심효정 4,"화15:30-17:30,금11:30-13:30"
전선,데이터베이스운영론,01,3,소미서,"화11:30-13:00,목11:30-13:00"
전선,취장업세미나(문현정보),01,3,송민선,월14:30-17:30
전선,도서관정책론,01,3,이정호,목14:30-17:30
전선,역사캡스톤디자인(지회와。공도서관)고,01,3,심효정 4,수13:30-17:30
전선,***의생명과학입문,01,3,호스대,"월15:30-17:00,목15:30-17:00"
전선,인제조직학및실험,01,3,4,"화11:30-13:30,수11:30-13:30"
전선,인제조직학및실험,02,3,4,"목11:30-13:30,금11:30-13:30"
전선,세포생물학,01,3,사조 人 丁,"월13:30-15:00,목13:30-15:00"
전선,면역학,01,3,김호,"월10:00-11:30,화14:00-15:30"
전선,유기화학기초,01,3,홍승택,일11:30-13:00
전선,화학분석,01,3,재원석,목10:00-13:00
전선,동물비교형태학및실험,01,3,배윤환 4,"화11:30-13:30,수13:30-15:30"
전선,보건환경생물학,01,3,김용재,"화10:00-11:30,수10:00-11:30"
전선,생태학및실험,01,3,김용재 4,목15:30-17:30
전선,발생학,01,3,김호,"월11:30-13:00,화16:00-17:30"
전선,의학보건독성학,01,3,배유화 ==,"화14:00-15:30,목10:00-11:30"
전선,미생물학및실험,01,3,장종수 4,"화09:30-11:30,금09:30-11:30"
전선,조류와자원,01,3,기요天H,"화15:30-17:30,목09:30-10:30"
전선,조0늍人H하百0,01,3,김호,목14:00-15:30
전선,생화학,01,3,홍승택,"화10:00-11:30,수13:30-15:00"
전선,기능성소재학1,01,3,박성호,화11:30-13:00
전선,유기화학실험,01,3,홍승택 4,목09:30-13:30
전선,유기반응론,01,3,호스 태,"월13:30-15:00,목13:30-15:00"
전선,바이오센서공학,01,3,홍승택,목11:30-13:00
전선,FL:응용재료학,01,3,박성호,"화10:00-11:30,일15:30-17:00"
전선,생활화학제품제조학실습,01,3,재원석 4,수13:30-17:30
전필,간호학개론,01,2,양화미,수11:30-13:30
전필,간호학개론,02,2,양화미,수13:30-15:30
전필,심리학의이해,01,2,김수미,월11:30-13:30
전필,심리학의이해,02,2,김수미,월13:30-15:30
전필,다문화의이해,01,2,강순남,수09:30-11:30
전필,다문화의이해,02,2,강순남,수11:30-13:30
전필,비판적사고와간호과정,01,2,오영경,금09:30-11:30
전필,비판적사고와간호과정,02,2,오영경,금11:30-13:30
전선,기본간호학,01,2,구민경,월09:30-11:30
전선,기본간호학,02,2,구민경,월11:30-13:30
전선,기본간호학,01,1,구민경 4,화09:30-11:30
전선,기본간호학실습1,02,1,오수일 4,수11:30-13:30
전선,기본간호학실습1,03,1,4,목09:30-11:30
전선,기본간호학실습1,04,1,사7의 미 L— 4,목11:30-13:30
전선,간호와영양,05,1,구민경 4,금09:30-11:30
전선,간호와영양,01,1,구민경,목14:30-15:30
전선,보완대제요법,01,1,구민경,목13:30-14:30
전선,인간관계와의사소통,01,2,김수미,화11:30-13:30
전선,인간관계와의사소통,02,2,김수미,화13:30-15:30
전선,병원미생물학,01,2,김미리,수13:30-15:30
전선,병원미생물학,02,2,김미리,수11:30-13:30
전선,해부생리학Ⅱ,01,2,김미리,화13:30-15:30
전선,해부생리학Ⅱ,02,2,김미리,화11:30-13:30
전선,성인간호학2,01,2,이정실,월11:30-13:30
전선,성인간호학2,02,2,이정실,수11:30-13:30
전선,여성건강간호학1,01,3,김성희,목09:30-12:30
전선,여성건강간호학1,02,3,김성희,화09:30-12:30
전선,아동간호학2,01,2,홍정 민,금09:30-11:30
전선,아동간호학2,02,2,홍정 민,월11:30-13:30
전선,정신간호학1,01,3,김재회,화09:30-12:30
전선,정신간호학1,02,3,김재회,목09:30-12:30
전선,성인간호학실습1,01,2,,목13:30-19:15
전선,성인간호학실습1,02,2,,월13:30-19:15
전선,성인간호학실습1,03,2,,금11:30-17:30
전선,여성건강간호학실습1,01,2,김성희,수11:30-17:30
전선,여성건강간호학실습1,02,2,김성희,금11:30-17:30
전선,여성건강간호학실습1,03,2,김성희,화13:30-19:15
전선,아동간호학실습1,01,2,홍정민,금11:30-17:30
전선,아동간호학실습1,02,2,홍정민,화13:30-19:15
전선,아동간호학실습1,03,2,홍정민,월13:30-19:15
전선,보건교육,01,2,류현숙,수09:30-11:30
전선,건강증진과정책,01,2,류현숙,월09:30-11:30
전필,간호정보학,01,1,사7의 미,금12:30-13:30
전필,간호정보학,02,1,사7의 미 L—,금11:30-12:30
전필,성인간호학4,01,2,강정희,월09:30-11:30
전필,성인간호학4,02,2,강정희,목11:30-13:30
전필,지역사회간호학2,01,3,五 7T =,월11:30-14:30
전필,지역사회간호학2,02,3,五 7T =,화09:30-12:30
전필,지역사회간호학2,01,1,홍정민 4,목11:30-13:30
전필,시뮬레이션실습2,02,1,오영경 4,목11:30-13:30
전필,시뮬레이션실습2,03,1,홍정민 4,목09:30-11:30
전필,시뮬레이션실습2,04,1,4,목09:30-11:30
전필,시뮬레이션실습2,05,1,이정실 4,금09:30-11:30
전필,성인간호학실습3,01,2,강정희,화13:30-19:15
전필,성인간호학실습3,02,2,강정희,수13:30-19:15
전필,성인간호학실습3,03,2,강정희,목13:30-19:15
전필,지역사회간호학실습1,01,1,6,금14:30-17:30
전필,지역사회간호학실습1,02,1,6 五 7T =,화13:30-16:30
전필,지역사회간호학실습1,03,1,6,수13:30-16:30
전필,정신간호학실습2,01,1,6,수09:30-12:30
전필,정신간호학실습2,02,1,6 김재회,목13:30-16:30
전필,정신간호학실습2,03,1,6,월11:30-14:30
전필,노인간호학실습,01,1,6,월15:30-18:25
전필,노인간호학실습,02,1,6 양화미,금14:30-17:30
전필,노인간호학실습,03,1,6,수16:30-19:15
전필,노인간호학,01,1,양화미,화11:30-12:30
전필,노인간호학,02,1,양화미,월09:30-10:30
전필,간호관리학,01,2,양화미,화09:30-11:30
전필,간호관리학,02,2,양화미,수09:30-11:30
전필,안전과간호,01,1,양화미,금11:30-12:30
전필,안전과간호,02,1,양화미,금12:30-13:30
전선,호스피스간호,01,1,장경민,수12:30-13:30
전선,상담이론과실제,01,1,김수미,금13:30-14:30
전선,제육원리,01,3,김홍태,"화10:00-11:30,수13:30-15:00"
전선,***건강과운동의이해,01,3,김홍태,"화15:30-17:00,수12:00-13:30"
전선,플로어볼지도법,01,2,4,월11:30-14:30
전선,플로어볼지도법,02,2,김세웅 4,월14:30-17:30
전선,스포츠생리학,01,3,아그희,"화13:30-15:00,목13:30-15:00"
전필,건강생활과구기스포츠,01,2,김홍태 4,금09:30-12:30
전필,운동저방론,01,3,안근희,
전필,전문실기I,01,2,4,화11:30-14:30
전필,전문실기I,02,2,김세웅 4,화14:30-17:30
전선,웨이트트레이닝,01,2,김세웅 4,수09:30-12:30
전선,스포츠실기지도법,01,2,4,목09:30-12:30
전선,스포츠실기지도법,02,2,김홍태 4,목13:30-16:30
전선,스포츠건강윤리,01,3,김세웅,화09:30-11:00
전선,운동역학,01,3,윤영선,목12:00-13:30
전선,스포츠의학,01,3,안근희,월17:30-18:25
전선,AI와스포스데이터분석실-尺,01,3,윤영선 4,목09:30-11:30
전선,및하계건강스포스실수영-.`,01,2,윤영선 4,
전선,스포스철학및문화사,01,3,여서,"월11:30-12:30,목11:30-13:30"
전선,제육정책및행정론,01,3,김홍태,화19:15-20:05
전선,캡스톤디자인(퍼스널트레이닝지도및실습),01,3,아그희 4,"월09:30-11:30,목09:30-11:30"
전선,***식품영양학개론,01,2,최진희,월13:30-15:30
전선,제과제빵실습,01,2,남세현 4,화10:30-13:30
전선,인제생리학,01,3,식품강사1,"월13:30-15:00,화10:00-11:30"
전선,식품분석및실험,01,3,주신윤 4,"화11:30-13:30,금11:30-13:30"
전선,유기화학,01,3,최지희 = L-,"월15:30-17:00,목14:00-15:30"
전선,지역사회영양학,01,3,최경숙,"일12:00-13:30,월12:00-13:30"
전선,외국조리실습,01,2,주신윤 4,수14:30-17:30
전선,영양학I,01,3,식품강사1,"화13:30-15:00,금11:30-13:00"
전선,식품화학I,01,3,주신윤,수11:30-13:30
전선,조리과학및실험,01,3,4,목13:30-15:30
전선,조리과학및실험,02,3,入人1 4,"화09:30-11:30,목11:30-13:30"
전선,식품가공및저장학,01,3,최지희,"수14:00-15:30,목10:00-11:30"
전선,영양판정및실험,01,3,최경숙 4,화11:30-13:30
전선,영양교육및상담실습,01,3,이희정 4,화13:30-17:30
전선,임상영양학,01,3,식품강사1,"월11:30-13:00,목10:00-11:30"
전선,발효식품학,01,2,최진희,수09:30-11:30
전선,캡스톤디자인(식품영양),01,3,최경숙 4,월13:30-17:30
전선,의학용어(1),01,3,이으미 =,"화12:00-13:30,목12:00-13:30"
전선,보건학,01,3,이윤경,
전선,***보건행정학,01,3,기도하,"화14:00-15:30,목14:00-15:30"
전필,병원경영학,01,3,김동하,
전필,의료병리학,01,3,이은미,목12:00-13:30
전선,보건의료통계,01,3,이 7의 4,"화09:30-11:30,목09:30-11:30"
전선,의료의질관리,01,2,손정연,목11:30-13:30
전선,보건의료커뮤니케이션,01,2,손정연,목13:30-15:30
전선,병원회계,01,3,이 2의,"화12:00-13:30,목12:00-13:30"
전선,병원마케팅!,01,2,보건강사1,금09:30-11:30
전선,질병및의료행위분류,01,2,이으미 8,"화09:30-11:30,목09:30-11:30"
전선,보건의료조직관리,01,2,보건강사1,월09:30-11:30
전선,의무기록전사,01,2,양지연,금13:30-15:30
전선,보건사업관리,01,2,김동하,월11:30-13:30
전선,보건의료법,01,3,보건강사1,"월12:00-13:30,수12:00-13:30"
전선,의무기록정보분석실무,01,3,이은미 4,목09:30-11:30
전선,보건의료정보관리실무,01,3,양지연 4,금09:30-13:30
전선,역학및건강증진,01,2,보건강사1,화13:30-15:30
전선,캡스톤디자인(보건프로그램개발및평가),01,2,김동하 4,화10:00-13:00
전선,인공지능을위한수학Ⅱ,01,3,이저례,"화10:00-11:30,목10:00-11:30"
전선,모빌리티수학,01,3,이민수,"수10:00-11:30,목11:30-13:00"
전선,모빌리티수학,02,3,이민수,"수11:30-13:00,목10:00-11:30"
전선,***미래모빌리티,01,3,이민수,"화14:00-15:30,금10:00-11:30"
전선,융합프로그래밍언어1,01,3,권성재,화11:30-13:00
전선,스마트디지털공학,01,3,김종원 4,수09:30-13:30
전선,스마트회로해석,01,3,김효구 4,
전필,오픈소스SW,01,3,정인혜,"월10:00-11:30,화10:00-11:30"
전필,융합임베디드시스템,01,3,이관형 4,화11:30-13:30
전필,데이터저리프로그램,01,3,스마강사11,화14:00-15:30
전선,디지털HDL코딩,01,3,권성재,화10:00-11:30
전선,융합전자회로실험I,01,3,권성재 4,금09:30-13:30
전선,드론항법시스템,01,3,이과허 4 =°,"월15:30-17:30,목13:30-15:30"
전선,피지컬AI,01,3,스마강사11,"수14:00-15:30,목10:00-11:30"
전선,캡스톤디자인(모빌리티와융합IPI),01,3,이관형 4,수13:30-17:30
전선,드론매핑,01,3,이관형 4,목09:30-13:30
전선,***컴퓨터프로그래밍기초,01,3,정문성,"월09:30-11:00,목09:30-11:00"
전선,컴퓨터공학입문,01,3,장윤석,
전선,컴퓨터공학입문,02,3,정문성,"목11:30-13:00,일11:30-13:00"
전선,자료구조,01,3,4,"월15:30-17:30,화11:30-13:30"
전선,자료구조,02,3,박정규 4,"수13:30-15:30,목13:30-15:30"
전선,iOS프로그래밍,01,3,박정규,"월10:00-11:30,화09:30-11:00"
전선,iOS프로그래밍,02,3,박정규,"월13:30-15:00,화13:30-15:00"
전선,는리회로및실습,01,3,4,"월11:30-13:30,금11:30-13:30"
전선,는리회로및실습,02,3,자 人터 4,"월09:30-11:30,금09:30-11:30"
전선,자바프로그래밍,01,3,71XH 미,"월13:30-15:00,화15:30-17:00"
전선,자바프로그래밍,02,3,71XH 미,"수13:30-15:00,목13:30-15:00"
전필,프론트엔드웹디자인,01,3,71X-l 미,"수09:30-11:00,목09:30-11:00"
전필,프론트엔드웹디자인,02,3,71X-l 미,"수15:30-17:00,목15:30-17:00"
전필,운영제제론,01,3,이시지,"월10:00-11:30,목10:00-11:30"
전필,운영제제론,02,3,이시지 l¯,"월13:30-15:00,목13:30-15:00"
전선,컴퓨터알고리즘,01,3,박정규,"수11:30-13:00,목11:30-13:00"
전선,컴퓨터알고리즘,02,3,박정규,"수15:30-17:00,목15:30-17:00"
전선,데이터베이스론,01,3,신 판섭,"수10:00-11:30,금10:00-11:30"
전선,데이터베이스론,02,3,신 판섭,"수13:30-15:00,금13:30-15:00"
전선,게임프로그래밍,01,3,김정민 4,"월15:30-17:30,화13:30-15:30"
전선,임베디드시스템응용,01,3,장윤석,화09:30-12:30
전선,분산.객제시스템설계,01,3,시표卜서 4,"화09:30-11:30,목09:30-11:30"
전선,분산.객제시스템설계,02,3,시표卜서 4 E L— L—,"화13:30-15:30,목13:30-15:30,수13:30-15:30"
전선,리눅스시스템,01,3,4,금13:30-15:30
전선,리눅스시스템,02,3,이시진 4,"수09:30-11:30,금09:30-11:30"
전선,***AI빅데이터와융합IP,01,3,정종진,목13:30-16:30
전선,컴퓨터프로그래밍(C언어),01,3,유승호,목09:30-12:30
전선,데이터기반프로그래밍(2),01,3,4 AI빅강사1,"수09:30-11:30,금09:30-11:30"
전선,프론트엔드웹설계,01,3,홍명덕 4,
전선,빅데이터분석입문,01,3,서해선 4,화09:30-13:30
전선,데이터구조의이해,01,3,손방용,화13:30-16:30
전선,엣지컴퓨팅,01,3,김종원 4,수13:30-17:30
전선,빅데이터수리통계,01,3,손방용,목10:00-13:00
전선,플랫폼OS,01,3,이현구,화11:30-14:30
전선,대용량데이터베이스설계,01,3,유승호 4,목13:30-17:30
전선,오픈소스소프트웨어응용,01,3,4 AI빅강사1,"월15:30-17:30,화09:30-11:30"
전선,드론영상비정형데이터AI,01,3,서해선 4,월09:30-13:30
전선,캡스톤디자인(빅데이터분,01,3,4 AI빅강사1,월09:30-13:30
전선,딥러닝의이해및실습,01,3,정종진,수13:30-16:30
전선,서버구축관리,01,3,4 AI빅강사1,"화15:30-17:30,수11:30-13:30"
전선,***융합산업보안론,01,3,박현호,수09:30-12:30
전선,이산수학구조론,01,3,스마강사12,"화13:30-15:00,수13:30-15:00"
전필,SW프로그래밍,01,3,김자워 4,"월13:30-15:30,목13:30-15:30"
전필,현대암호학,01,3,이성진,
전선,데이터구조,01,3,김자원 4,"화13:30-15:30,수11:30-13:30"
전선,운영제제와아기텍저,01,3,김자원,목17:30-18:25
전선,사이버보안,01,3,스마강사4,"목13:30-15:00,금13:30-15:00"
전선,데이터베이스및보안,01,3,스마강사12,"수10:00-11:30,금12:00-13:30"
전선,네트워크와보안컴퓨터,01,3,4 스마강사4,"월09:30-11:30,목09:30-11:30"
전선,인공지능및보안,01,3,이서지,"화13:30-15:00,목13:30-15:00"
전선,디지털포렌식,01,3,김자원 4,"목13:30-15:30,일11:30-13:30"
전선,스마트물리보안,01,3,박현호,화09:30-12:30
전선,악성코드분석,01,3,스마강사4,"월12:00-13:30,수13:30-15:00"
전선,SW오픈소스기초,01,3,정수경 4,목11:30-15:30
전선,캡스톤디자인(보안인증),01,3,4 스마강사12,"월13:30-15:30,금09:30-11:30"
전필,의료영상및헬스케어시스테,01,3,권성재,목14:00-17:00
전선,기초장의적공학설계,01,3,4 전기강사1,화13:30-17:30
전선,***전기의세계,01,3,기조人 曰°丁,"화11:30-13:00,목11:30-13:00"
전필,기초회로실험,01,3,4,목09:30-13:30
전필,기초회로실험,02,3,4,목13:30-17:30
전선,회로이론I,01,3,김남준,목10:00-11:30
전선,전자기래,01,3,전기강사2,"월11:30-13:00,금11:30-13:00"
전선,프로그래밍언어1,01,3,김종수,수17:30-18:25
전선,AI활용마이크로컨트를러,01,3,김종수 4,목13:30-17:30
전선,전기기기l,01,3,김남준,
전선,능동소자물성공학,01,3,전기강사2,"수10:00-11:30,금10:00-11:30"
전선,전력공학,01,3,자준민,화10:00-11:30
전선,전기설비설계,01,3,4 전기강사2,월13:30-17:30
전선,고전압대전력공학,01,3,전기강사2,"월10:00-11:30,목11:30-13:00"
전선,전력전자공학Ⅱ,01,3,김남준 4,일11:30-13:30
전선,캡스톤디자인(전기1),01,3,자준민 4,수11:30-15:30
전선,발전공학,01,3,자준민,
전선,화학공학개론,01,3,박귀남,화13:30-16:30
전선,***지속가능한화학공학의이해,01,3,dH벼大놰,"목13:30-15:00,수13:30-15:00"
전선,화공물리화학,01,3,배병철,화17:30-18:25
전선,유기화학,01,3,배병철,"월15:30-17:00,목14:00-15:30"
전선,공업수학(화학공학),01,3,이주형,"수13:30-15:00,금10:00-11:30"
전선,화공기초실습,01,3,김용렬 4,화13:30-17:30
전필,나노재료공학,01,3,저 태,"수10:00-11:30,목13:30-15:00"
전필,화공열역학,01,3,이주형,"목10:00-11:30,월10:00-11:30"
전필,고분자합성,01,3,이주형,화10:00-13:00
전선,유무기복합소재이론및응,01,3,이주형 4,월13:30-17:30
전선,공정유제역학,01,3,저 右4 태,"화13:30-15:00,목10:00-11:30"
전선,화학공정실험,01,3,김용렬 4,수13:30-17:30
전선,화학반응공학,01,3,정현택,
전선,취장업세미나(화학공학),01,3,박귀남,목13:30-16:30
전선,유무기응용화학이론및실右,01,3,배병철 4,
전선,***건축공학입문,01,3,강경모,목14:00-17:00
전선,건축재료,01,3,심상락,금10:00-13:00
전선,건축구조역학I,01,3,정주홍,"월10:00-11:30,수10:00-11:30"
전선,서양건축사I,01,3,곽동엽,
전선,건축설계기초Ⅱ,01,3,이민협 4,화09:30-13:30
전선,건축계획,01,3,나인혜,목10:30-13:30
전선,기초건축공학설계,01,3,심상락 4,화13:30-17:30
전선,기초건축공학설계,02,3,4 건축강사1,목13:30-17:30
전선,건축환경공학,01,3,강경모,"월11:30-13:00,수11:30-13:00"
전선,건축시공,01,3,심상락,"목10:00-11:30,월10:00-11:30"
전선,생성형AI건축정보모델링,01,3,김민석 4,화09:30-13:30
전선,철근콘크리트구조,01,3,정주홍,"월11:30-13:00,수11:30-13:00"
전선,건축설비,01,3,卜7의 2 모,"월13:30-15:00,목11:30-13:00"
전필,캡스톤디자인(건축공학설,01,3,유무영 4,수13:30-17:30
전필,캡스톤디자인(건축공학설,02,3,강경모 4,수13:30-17:30
전필,캡스톤디자인(건축공학종합설계1),01,3,류동우 4,수13:30-17:30
전필,캡스톤디자인(건축공학종합설계1),02,3,정주홍 4,목13:30-17:30
전필,철골구조,01,3,정주홍,월13:30-16:30
전선,생태건축,01,3,4 건축강사2,화13:30-17:30
전선,건설사업관리Ⅱ,01,3,여 口 -rr¯l¯,"월10:00-11:30,수10:00-11:30"
전선,취장업세미나(건축공학),01,3,건축강사1,목10:00-13:00
전선,한국건축사,01,3,나인혜,목13:30-16:30
전선,현대건축론,01,3,윤희철,"목11:30-13:00,화11:30-13:30,화13:30-15:00,수11:30-13:00"
전선,캡스톤디자인(건축설계Ⅲ,01,3,전병권 4,"금09:30-11:30,목09:30-13:30"
전선,캡스톤디자인(건축설계Ⅲ,02,3,고영빈 4,"월13:30-17:30,수13:30-17:30"
전선,캡스톤디자인(건축설계Ⅲ,01,3,전병권 4,"목09:30-13:30,금09:30-11:30"
전선,캡스톤디자인(건축설계Ⅲ,02,3,문지선 4,"수13:30-17:30,월13:30-17:30"
전선,설계실무,01,2,전병권,"수17:30-19:15,화11:30-13:30"
전선,퐤수특)디자인(종합건축설,01,3,곽동엽 4,목11:30-13:30
전선,퐤수특)디자인(종합건축설,02,3,윤회철 4,월09:30-13:30
전선,캡스톤디자인(종합건축설계1-2),01,3,곽동엽 4,목09:30-13:30
전선,캡스톤디자인(종합건축설계1-2),02,3,윤희철 4,금09:30-13:30
전필,스마트건설환경공학개론,01,3,시도치,"목11:30-13:00,수11:30-13:00"
전필,***스마트건설환경공학의이해,01,3,0사규,"목10:00-11:30,수10:00-11:30"
전선,스마트기초응용설계I,01,3,4,화09:30-13:30
전선,스마트기초응용설계I,02,3,4,화13:30-17:30
전선,도시계획개론,01,3,유상균,금10:00-13:00
전선,단지계획및설계,01,3,백인길 4,월09:30-13:30
전선,교통인프라계획,01,3,배기므,"화10:00-11:30,목10:00-11:30"
전선,스마트콘크리트공학및실,01,3,박승호 4,목13:30-17:30
전선,수리학기초및실험,01,3,장상환 4,"화15:30-17:30,수15:30-17:30"
전선,재료역학,01,3,김홍기,월14:00-17:00
전선,물순환과수질오염,01,3,신동철,목13:30-15:00
전선,대기오염과기후변화,01,3,박원석,수10:00-13:00
전필,수문학,01,3,신재환,"화13:30-15:00,목13:30-15:00"
전필,구조역학l,01,3,김용직,화09:30-12:30
전선,암반역학,01,3,이강일,수09:30-12:30
전선,토질역학원론및연습,01,3,김윤희 4,월11:30-15:30
전선,철근콘크리트공학,01,3,이정배,목09:30-12:30
전선,도로공학,01,3,이강일,
전선,기초공학,01,3,김동주,금11:30-14:30
전선,건설안전공학,01,3,김홍기,월10:00-13:00
전선,강구조공학설계,01,3,문일환,수13:30-16:30
전선,수자원공학설계,01,3,신재환 4,"화15:30-17:30,목15:30-17:30"
전선,도로용량및서비스수준분人,01,3,김동선,"월10:00-11:30,화10:00-11:30"
전선,교통제계분석,01,3,배기목,"화11:30-13:00,수10:00-11:30"
전선,스마트시티관계법규,01,3,이지은,월11:30-14:30
전선,。공데이터기반공간분석入,01,3,유상균 4,목13:30-17:30
전선,스마트도시설계실습,01,3,백인길 4,목09:30-13:30
전선,스마트시티와도시개발,01,3,이지은,화13:30-16:30
전선,자율적지능형교통제계,01,3,김동선,"화11:30-13:00,수09:30-11:00"
전선,공공교통시스템,01,3,배기목,월10:00-13:00
전선,캡스톤디자인(스마트도시계획실습Ⅱ),01,3,유상균 4,수13:30-17:30
전선,환경미생물학,01,3,김명운,"화10:00-11:30,수10:00-11:30"
전선,환경화학,01,3,김명운,
전필,수질오염공학,01,3,신동철,"월10:00-11:30,화11:30-13:00"
전필,환경미생물학실험,01,3,김명운 4,화13:30-17:30
전필,환경영향평가,01,3,김명운 4,월09:30-13:30
전선,환경수문학,01,3,이재엽,목09:30-12:30
전선,토양오염복원설계,01,3,신동철 4,목13:30-17:30
전선,대기환경분석실험,01,3,박원석 4,수13:30-17:30
전선,물질및에너지수지,01,3,신동철 4,
전선,캡스톤디자인(환경에너지공학1),01,3,김명운 4,목13:30-17:30
전선,***데이터경영산업공학개로,01,3,김훈태,"월14:00-15:30,화11:30-13:00"
전선,AI활용창의실습,01,3,최재호 4,"화13:30-15:30,목13:30-15:30"
전선,공학회계,01,3,최재호,금14:00-15:30
전선,컴퓨터프로그래밍실습,01,3,신기태 4,"화11:30-13:30,수09:30-11:30"
전선,생산프로세스이해,01,3,김훈태 4,"수11:30-13:30,금11:30-13:30"
전필,인공지능개론및실습,01,3,오용희 4,"화13:30-15:30,금09:30-11:30"
전필,인간공학,01,3,최재호,"화11:30-13:00,목11:30-13:00"
전필,생산계획및통제,01,3,김훈태,"월11:30-13:00,화14:00-15:30"
전선,작업분석및설계,01,3,오요희,"수10:00-11:30,목10:00-11:30"
전선,정보컴퓨터교과교육론,01,3,신기태,월16:30-19:15
전선,기업데이터베이스,01,3,신기태,"월10:00-11:30,화10:00-11:30"
전선,정보컴퓨터교과교재연구및지도법,01,3,백창화,수09:30-12:30
전선,캡스톤디자인(생산시스템),01,3,오용희 4,목13:30-17:30
전선,기업정보시스템,01,3,신기태,"월11:30-13:00,목10:00-11:30"
전선,***반도제융합공학입문,01,3,UH7의가,"목10:00-11:30,수10:00-11:30"
전선,반도제기초과학,01,3,나허서,"화13:30-15:30,목12:30-13:30"
전선,디지털는리시스템,01,3,BH7의가,"수11:30-13:00,목11:30-13:00"
전선,전기자기학,01,3,이정재,"화11:30-13:00,금11:30-13:00"
전선,고제전자재료,01,3,주성후,월14:00-17:00
전선,회로이론및해석1,01,3,김남선,"화13:30-15:00,수13:30-15:00"
전선,기초반도제공학실험1,01,3,백경갑 4,목13:30-17:30
전선,AI응용프로그래밍실습,01,3,기 여 허,"수10:00-11:30,목10:00-11:30"
전선,기초장의공학설계,01,3,백경갑 4,화09:30-13:30
전선,컴퓨터시뮬레이션,01,3,김남선,일15:30-17:00
전선,회로이론1,01,3,김남선,"월11:30-13:00,화11:30-13:00"
전선,기초전자공학실험l,01,3,백경갑 4,금13:30-17:30
전선,IT고급프로그래밍,01,3,기 여 허,"수11:30-13:00,목11:30-13:00"
전선,통신공학,01,3,기 나人해,"화15:30-17:00,목15:30-17:00"
전선,제어공학,01,3,여회入 丁,"화13:30-15:00,목13:30-15:00"
전선,전자회뢰,01,3,백경갑,금10:00-13:00
전선,컴퓨터구조,01,3,모 그 l—,"수11:30-13:00,목11:30-13:00"
전선,디지털회로실험및설계,01,3,여희주 4,수13:30-17:30
전선,공업교과교육론,01,3,한지영,화17:30-20:05
전선,임베디드시스템설계,01,3,정목근 4,화13:30-17:30
전선,응용전자공학실험및설계,01,3,정목근 4,화09:30-13:30
전선,캡스톤디자인(전자공학I),01,3,정목근 4,금09:30-13:30
전선,전자재료공학,01,3,주성후,목15:30-18:25
전선,표면화학,01,3,안재우,화15:30-17:00
전선,물리금속,01,3,황승준,
전선,결정구조분석,01,3,나현석 4,금09:30-13:30
전선,기초물리화학,01,3,이며 보,"수10:00-11:30,목10:00-11:30"
전선,재료강도학,01,3,황승준,금10:00-13:00
전선,세라믹공학실험,01,3,나현석 4,목13:30-17:30
전선,재료특성분석,01,3,주성후,수15:30-18:25
전선,금속재료,01,3,황승준,수10:00-13:00
전선,전자재료공학실험,01,3,주성후 4,화13:30-17:30
전선,캡스톤디자인(신소재Ⅱ),01,3,주성후 4,화09:30-13:30
전선,기계제도및CAD,01,3,4,화13:30-17:30
전선,기계제도및CAD,02,3,권혁 홍 4,목13:30-17:30
전선,***IT기계공학입문,01,3,°」허 =丁,"화10:00-11:30,목10:00-11:30"
전선,기계상의공학설계입문,01,3,김정수,월09:30-12:30
전선,고제역학I,01,3,丁 =,"월10:00-11:30,목11:30-13:00"
전선,기계공작법,01,3,권혁홍,
전선,열역학,01,3,구본승,
전선,공학수래,01,3,김봉진,
전선,3DCAD실습II,01,3,4,화09:30-13:30
전선,3DCAD실습II,02,3,구본승 4,수13:30-17:30
전선,창의기계와지식재산,01,2,김정수 4,월13:30-16:30
전선,파이썬프로그램실습,01,3,김봉진 4,화13:30-17:30
전선,자동자학개론,01,3,원현우,목13:30-16:30
전선,기계진동학,01,3,정규홍,
전선,메카트로닉스및실습,01,3,정규홍 4,수09:30-13:30
전선,CAE3é실습,01,3,구본승 4,월13:30-17:30
전선,임베디드프로그램실습,01,3,4,목09:30-13:30
전선,임베디드프로그램실습,02,3,정규홍 4,목13:30-17:30
전필,캡스톤디자인(기계공학),01,3,4,수09:30-13:30
전필,캡스톤디자인(기계공학),02,3,원현우 4,수13:30-17:30
전선,O아고右卜五,01,3,정규홍,
전필,전공탐색및설계,01,3,임기태,금11:30-14:30
전선,전공설계,01,1,임기태,목15:30-16:30
전선,전공설계Ⅱ,01,1,임기태,목16:30-17:30
전선,평생교육론,01,3,송성숙,수18:00-20:30
전선,장애인복지론,01,3,함현진,"수20:30-23:00,월10:00-11:30,목10:00-11:30"
전선,행정학원론,01,3,신미0H,토16:00-18:50
전선,청소년문화,01,3,김대겸,화18:00-20:30
전선,평생교육프로그램개발론,01,3,송성숙,토13:00-16:00
전선,공기업론,01,3,신미0H,"토13:00-16:00,수13:30-15:00"
전선,청소년복지,01,3,김경식,목18:00-20:30
전선,평생교육실습,01,3,송성숙 4,화18:00-21:20
전선,청소년심리및상담,01,3,서향리,화20:30-23:00
전선,지역사회교육론,01,3,송성숙,토09:30-12:30
전선,지역사회교육론,02,3,김대겸,월20:30-23:00
전선,자원봉사론,01,3,김후년,수18:00-20:30
전선,하소년프로그램개발과평,01,3,김경식,목20:30-23:00
전선,사회복지학개론,01,3,함현진,토09:30-12:30
전선,상담심리학,01,3,신미애,수18:00-20:30
전선,사회복지와인권,01,3,기 古 녀,토13:00-16:00
전선,되와치매,01,3,7침 후 년,토16:00-18:50
전선,사회복지정책론,01,3,신미애,"토09:30-12:30,화15:30-17:00,목13:30-15:00"
전선,건강가정론,01,3,김후년,수20:30-23:00
전선,이상심리,01,3,함현진,수18:00-20:30
전선,노인요양보호론,01,3,유선희,토13:00-16:00
전선,회전익UAⅤ초급운용및실^,01,3,한규정 4,토13:00-17:00
전선,프로그램기초,01,3,한규정,토09:30-12:30
전선,비가시권계기비행기초,01,3,한규정 4,토17:00-20:30
전선,심화한국어1,01,3,한국강사17,"화16:00-18:50,금10:00-13:00"
전선,학업한국어기초듣기,01,3,김수종,
전선,학업한국어기초듣기,02,3,김수종,금10:00-13:00
전선,학업한국어기초듣기,03,3,공하림,월09:30-12:30
전선,학업한국어기초말하기,01,3,기 효 으,목10:00-13:00
전선,학업한국어기초말하기,02,3,김소희,목10:00-13:00
전선,학업한국어기초말하기,03,3,공하림,월13:00-16:00
전선,학업한국어기초쓰기,01,3,기 효 으,목14:00-17:00
전선,학업한국어기초쓰기,02,3,김소희,목14:00-17:00
전선,학업한국어기초읽기,01,3,최재민,금14:00-17:00
전선,학업한국어기초읽기,02,3,김수종,금14:00-17:00
전선,심화한국어2,01,3,공하림,화16:00-18:50
전선,학업한국어기초문법,01,3,공하림,월16:00-18:50
전선,학업한국어기초문법,02,3,공하림,화09:30-12:30
전선,한국의생활문화와언어,01,3,공하림,화13:00-16:00
전선,한국어와한국문화초급1,01,3,한국강사17,화09:30-12:30
전선,한국어와한국문화초급2,01,3,한국강,화13:00-16:00
전선,한국어와한국문화초급2,02,3,사17,월09:30-12:30
전선,한국어와한국문화초급3,01,3,한국강사17,월13:00-16:00
전선,한국어와한국문화초급4,01,3,한국강사17,월16:00-18:50
전선,한국어와한국문화중급1,01,3,한국강사16,목09:30-12:30
전선,한국어와한국문화중급4,01,3,김연회,금13:00-16:00
전선,K-POP한국어,01,3,이선형,"화10:00-13:00,금13:00-16:00"
전선,K-POP한국어,02,3,김수종,화10:00-13:00
전선,드라마.예능한국어,01,3,이선형,"화14:00-17:00,월10:00-13:00"
전선,드라마.예능한국어,02,3,김수종,화14:00-17:00
전선,드라마.예능한국어,01,3,신 영선,"월10:00-13:00,화14:00-17:00"
전선,학업한국어듣기,02,3,김선미,월10:00-13:00
전선,학업한국어듣기,03,3,최재민,월10:00-13:00
전선,학업한국어듣기,04,3,주재환,수09:30-12:30
전선,학업한국어말하기,01,3,김선미,금10:00-13:00
전선,학업한국어말하기,02,3,이선형,금10:00-13:00
전선,학업한국어말하기,03,3,신 영선,목10:00-13:00
전선,학업한국어말하기,04,3,주재환,수13:00-16:00
전선,학업한국어쓰기,01,3,김선미,금14:00-17:00
전선,학업한국어쓰기,02,3,이선형,금14:00-17:00
전선,학업한국어쓰기,03,3,신 영선,목14:00-17:00
전선,학업한국어쓰기,04,3,한국강사16,목16:00-18:50
전선,학업한국어읽기,01,3,신영선,월14:00-17:00
전선,학업한국어읽기,02,3,김선미,월14:00-17:00
전선,학업한국어읽기,03,3,최재민,월14:00-17:00
전선,학업한국어읽기,04,3,주재환,"수06:00-18:50,수16:00-18:50"
전선,비즈니스한국어1,01,3,김소희,"화10:00-13:00,화14:00-17:00"
전선,비즈니스한국어1,03,3,김효은,화10:00-13:00
전선,비즈니스한국어1,04,3,김연회,금16:00-18:50
전선,비즈니스한국어1,01,3,김소희,"화14:00-17:00,화10:00-13:00"
전선,비즈니스한국어2,02,3,한국강사16,화14:00-17:00
전선,비즈니스한국어2,03,3,김효은,화14:00-17:00
전선,비즈니스한국어2,04,3,한국강사16,금16:00-18:50
전선,한국의전통문화,01,3,한국강사16,금09:30-12:30
전선,한국의전통문화,02,3,홍성목,목13:00-16:00
전선,한국의현대문화,01,3,홍성목,목09:30-12:30
전선,외국어로서의이해한국어,01,3,공하림,월20:30-21:20
전선,외국어로서의한국어문법교육론,01,3,한국강사16,금13:00-16:00
전선,외국어로서의한국어표현,01,3,공하림,화20:30-21:20
전선,경영학의이해,01,3,김명진,목10:00-13:00
전선,마케팅입문,01,3,김명진,목14:00-17:00
전선,마케팅입문,02,3,홍성일,월10:00-13:00
전선,조직행동개론,01,3,김명진,목17:00-19:40
전선,경력관리론,01,3,홍성일,월14:00-17:00
전선,국제서비스마케팅,01,3,이재훈,금14:00-17:00
전선,국제인적자원관리,01,3,이재훈,금17:00-19:40
전선,국제인적자원관리,02,3,대림이,목10:00-13:00
전선,비즈니스잉글리쉬,01,3,이재훈,금10:00-13:00
전선,글로벌마케팅이론,01,3,데니스,목10:00-13:00
전선,글로벌마케팅이론,02,3,우스만,금10:00-13:00
전선,국제통상환경론,01,3,데니스,목14:00-17:00
전선,국제통상환경론,02,3,우스만,금14:00-17:00
전선,비즈니스통계학,01,3,맹철규,월21:20-22:10
전선,국제무역실무론,01,3,스 크 .o--r-,화10:00-13:00
전선,국제무역실무론,02,3,국제강사6,화10:00-13:00
전선,E-Business,01,3,맹철규,화21:20-22:10
전선,비즈니스장업론,01,3,맹철규,수21:20-22:10
전선,글로벌기업분석,01,3,데니스,월17:00-19:40
전선,글로벌기업분석,02,3,국제강사6,월17:00-19:40
전선,국제기업물류,01,3,데니스,월14:00-17:00
전선,국제기업물류,02,3,국제강사6,월14:00-17:00
전선,글로벌경영전략,01,3,국제강사5,월10:00-13:00
전선,글로벌경영전략,02,3,류승우,월10:00-13:00
전선,글로벌경영전략,03,3,대림이,목14:00-17:00
전선,글로벌생산및운영관리,01,3,국제강사5,월14:00-17:00
전선,글로벌생산및운영관리,02,3,류승우,월14:00-17:00
전선,글로벌CEO사례연구,01,3,대림이,수10:00-13:00
전선,ESG경영학,01,3,데니스,월10:00-13:00
전선,ESG경영학,02,3,국제강사6,월10:00-13:00
전선,국제통상정책이론,01,3,국제강사5,월17:00-19:40
전선,국제통상정책이론,02,3,류승우,월17:00-19:40
전선,국제경영성공사례,01,3,맹철규,월17:00-19:40
전선,국제협상세미나,01,3,맹철규,월10:00-13:00
전선,국제협상세미나,02,3,홍성일,월17:00-19:40
전선,국제경제법,01,3,맹철규,월14:00-17:00
전선,캐릭터영상표현,01,2,노승복 4,월13:30-16:30
전선,삽화일러스트레이션,01,3,김현성 4,수13:30-17:30
전선,캐릭터표현,01,3,최윤정 4,화13:30-17:30
전선,캐릭터원형제작Ⅱ,01,3,이승연 4,목13:30-17:30
전선,아트굿즈,01,3,이희승 4,수13:30-17:30
전선,예술문화산업연구,01,3,오세권,월10:30-13:30
전선,캡스톤디자인(아트상품종합설계1),01,3,이해인 4,금09:30-13:30
전선,3D프린팅,01,3,허혁준 4,
전선,문화트렌드의이해,01,3,박현린,수11:30-14:30
전선,영상콘텐스산업과영화읽,01,3,최수지,수14:30-17:30
전선,문화원형과동양고전,01,3,기스 나,"화13:30-15:00,목13:30-15:00"
전선,및제작콘텐츠기획,01,3,역사강사1,목09:30-12:30
전선,문화브랜딩과포지서닝기버,01,3,조용기,금11:30-14:30
전선,디자인과문화,01,3,최성운,월13:30-16:30
전선,K-문화코드읽기,01,3,김승남,월10:00-13:00
전선,캐릭터산업과광고,01,3,오 =,금14:30-17:30
전선,게임기획과스토리텔링,01,3,미술강사1,화09:30-12:30
전선,게임컨셉디자인,01,3,4 기 지 古,수09:30-13:30
전선,게임컨셉디자인,02,3,4,금09:30-13:30
전선,캡스톤디자인(게임에셋활용),01,3,4 미술강사1,화13:30-17:30
전선,무인기조종제어,01,3,4 스마강사11,"화15:30-17:30,월15:30-17:30"
전선,탐색적데이터분석,01,3,4 AI빅강사1,"월13:30-15:30,화13:30-15:30"
전선,현대무기제계론,01,3,이성진,
전선,캡스톤디자인(항공비행제어시스템),01,3,4 스마강사11,수09:30-13:30
전선,지형영상좔영제작,01,3,4 스마강사11,금09:30-13:30
전선,장의지식재산소양,01,3,정종진,목09:30-12:30
전선,기업가정신과장업,01,3,김형민,목14:00-15:30
전선,장의디어발명아이,01,3,김현동,목15:30-17:00
전선,디자인씽킹과비즈니스모〔,01,3,AI융강사1,"화14:00-15:30,목15:30-17:00"
전선,미래산업트렌드,01,3,AI융강사1,"화15:30-17:00,목14:00-15:30"
전선,장의BM지식재산,01,3,조기현,금11:30-14:30
전선,테크노.소셜.아트프러너십,01,3,김형민,
전선,코딩의기초,01,3,박범수,금13:30-16:30
전선,전기전자공학개론,01,3,전기강사1,수14:00-15:30
전선,에너지저장소재부품개론,01,3,정현택,금10:00-13:00
전선,변환공학전력,01,3,전기강사1,"월11:30-13:00,목11:30-13:00"
전선,에너지소재공학,01,3,배병철,화18:25-19:15
전선,전기자전력변환시스템설,01,3,박범수 4,목13:30-17:30
전선,탄소재료공학,01,3,이주형,수18:25-19:15
전선,스마트시공,01,3,김민석,화13:30-16:30
전선,캡스톤디자인(GIS프로그래밍응용),01,3,이혜진 4,수13:30-17:30
전선,스마트건설안전,01,3,이혜진,수09:30-12:30
전선,스마트구조설계,01,3,정주홍 4,화09:30-13:30
전선,스마트교통공학개론,01,3,김동선,금10:00-13:00
전선,스마트도로공학,01,3,이강일,
전선,스마트대중교통,01,3,배기므,"화14:00-15:30,목11:30-13:00"
전선,세계화와통일한국,01,3,정병화,화14:30-17:30
전선,남북한경제의이해,01,3,박영민,수21:20-22:10
전선,미중관계의국제정치,01,3,노병렬,금17:30-18:25
전선,북한이탈주민연구,01,3,박영민,
전선,통일인문독서,01,3,이철수,수14:30-17:30
전선,통일한국사회복지,01,3,이철수,목14:30-17:30
